name,score,File,Persona,is_reidentified
Adele,0.9,adele_1002.txt,adele,True
Adele,0.9,adele_1043.txt,adele,True
Adele,0.9,adele_1048.txt,adele,True
Taylor Swift,0.9,adele_1051.txt,adele,False
Adele,0.9,adele_1067.txt,adele,True
Adele,0.9,adele_112.txt,adele,True
UNKNOWN,0.0,adele_147.txt,adele,False
Adele,0.9,adele_157.txt,adele,True
Adele,0.9,adele_178.txt,adele,True
Adele,0.9,adele_197.txt,adele,True
Adele,0.9,adele_201.txt,adele,True
Taylor Swift,0.9,adele_209.txt,adele,False
Taylor Swift,0.9,adele_216.txt,adele,False
UNKNOWN,0.0,adele_242.txt,adele,False
Adele,0.9,adele_271.txt,adele,True
Adele,0.9,adele_287.txt,adele,True
Adele,0.9,adele_297.txt,adele,True
Adele,0.9,adele_302.txt,adele,True
Adele,0.9,adele_323.txt,adele,True
Adele,0.9,adele_357.txt,adele,True
Adele,0.9,adele_366.txt,adele,True
UNKNOWN,0.0,adele_377.txt,adele,False
Adele,0.9,adele_397.txt,adele,True
Adele,0.9,adele_423.txt,adele,True
Adele,0.9,adele_43.txt,adele,True
Taylor Swift,0.9,adele_442.txt,adele,False
Adele,0.9,adele_468.txt,adele,True
Taylor Swift,0.9,adele_47.txt,adele,False
Adele,0.9,adele_491.txt,adele,True
Adele,0.9,adele_497.txt,adele,True
Adele,0.9,adele_503.txt,adele,True
Adele,0.9,adele_547.txt,adele,True
Adele,0.9,adele_558.txt,adele,True
Adele,0.9,adele_57.txt,adele,True
Adele,0.9,adele_576.txt,adele,True
Adele,0.9,adele_591.txt,adele,True
Adele,0.9,adele_607.txt,adele,True
Taylor Swift,0.9,adele_61.txt,adele,False
Adele,0.9,adele_618.txt,adele,True
Adele,0.9,adele_656.txt,adele,True
Taylor Swift,0.9,adele_667.txt,adele,False
Adele,0.9,adele_673.txt,adele,True
Adele,0.9,adele_682.txt,adele,True
Barack Obama,0.9,adele_691.txt,adele,False
Adele,0.9,adele_718.txt,adele,True
Adele,0.9,adele_741.txt,adele,True
UNKNOWN,0.0,adele_748.txt,adele,False
Adele,0.9,adele_793.txt,adele,True
Adele,0.9,adele_798.txt,adele,True
UNKNOWN,0.0,adele_836.txt,adele,False
Adele,0.9,adele_851.txt,adele,True
Adele,0.9,adele_867.txt,adele,True
Adele,0.9,adele_876.txt,adele,True
Madonna,0.9,adele_923.txt,adele,False
Taylor Swift,0.9,adele_938.txt,adele,False
Adele,0.9,adele_943.txt,adele,True
Adele,0.8,adele_962.txt,adele,True
Adele,0.9,adele_97.txt,adele,True
Taylor Swift,0.8,adele_996.txt,adele,False
UNKNOWN,0.0,bale_1003.txt,bale,False
PERSON_FIRSTNAME_1 PERSON_LASTNAME_1,0.8,bale_103.txt,bale,False
UNKNOWN,0.0,bale_1052.txt,bale,False
Christian Bale,0.95,bale_1062.txt,bale,True
Johnny Depp,0.9,bale_113.txt,bale,False
Tom Hardy,0.9,bale_162.txt,bale,False
Christian Bale,0.9,bale_172.txt,bale,True
UNKNOWN,0.0,bale_194.txt,bale,False
Christian Bale,0.9,bale_214.txt,bale,True
Christian Bale,0.9,bale_224.txt,bale,True
Christian Bale,0.9,bale_226.txt,bale,True
UNKNOWN,0.0,bale_238.txt,bale,False
UNKNOWN,0.0,bale_244.txt,bale,False
Chris Evans,0.9,bale_294.txt,bale,False
UNKNOWN,0.0,bale_3.txt,bale,False
UNKNOWN,0.0,bale_304.txt,bale,False
Christian Bale,0.9,bale_306.txt,bale,True
Christian Bale,0.9,bale_327.txt,bale,True
UNKNOWN,0.0,bale_342.txt,bale,False
Christian Bale,0.9,bale_348.txt,bale,True
Robert Downey Jr.,0.9,bale_362.txt,bale,False
UNKNOWN,0.0,bale_367.txt,bale,False
Christian Bale,0.9,bale_38.txt,bale,True
Christian Bale,0.9,bale_387.txt,bale,True
Christian Bale,0.9,bale_409.txt,bale,True
Christian Bale,0.9,bale_428.txt,bale,True
Leonardo DiCaprio,0.9,bale_433.txt,bale,False
Christian Bale,0.9,bale_443.txt,bale,True
Scarlett Johansson,0.8,bale_446.txt,bale,False
Jim Carrey,0.9,bale_537.txt,bale,False
Tom Hanks,0.9,bale_628.txt,bale,False
Christian Bale,0.9,bale_637.txt,bale,True
Johnny Depp,0.9,bale_722.txt,bale,False
Christian Bale,0.9,bale_728.txt,bale,True
Unknown,0.0,bale_740.txt,bale,False
UNKNOWN,0.0,bale_742.txt,bale,False
Leonardo DiCaprio,0.9,bale_794.txt,bale,False
Christian Bale,0.9,bale_802.txt,bale,True
Pope Francis,0.9,bale_808.txt,bale,False
Johnny Depp,0.8,bale_81.txt,bale,False
Christian Bale,0.9,bale_818.txt,bale,True
UNKNOWN,0.0,bale_827.txt,bale,False
UNKNOWN,0.0,bale_838.txt,bale,False
Tom Hanks,0.9,bale_868.txt,bale,False
UNKNOWN,0.0,bale_892.txt,bale,False
Christian Bale,0.9,bale_92.txt,bale,True
Jim Carrey,0.9,bale_924.txt,bale,False
Johnny Depp,0.9,bale_944.txt,bale,False
Robert De Niro,0.9,bale_952.txt,bale,False
Robert De Niro,0.9,bale_963.txt,bale,False
Tom Hanks,0.9,bale_997.txt,bale,False
Lionel Messi,0.9,beckham_100.txt,beckham,False
David Beckham,0.9,beckham_1008.txt,beckham,True
David Beckham,0.9,beckham_1024.txt,beckham,True
David Beckham,0.9,beckham_105.txt,beckham,True
David Beckham,0.9,beckham_1080.txt,beckham,True
David Beckham,0.9,beckham_110.txt,beckham,True
David Beckham,0.9,beckham_14.txt,beckham,True
David Beckham,0.9,beckham_159.txt,beckham,True
David Beckham,0.9,beckham_220.txt,beckham,True
David Beckham,0.9,beckham_225.txt,beckham,True
David Beckham,0.9,beckham_260.txt,beckham,True
David Beckham,0.9,beckham_29.txt,beckham,True
David Beckham,0.9,beckham_300.txt,beckham,True
David Beckham,0.9,beckham_318.txt,beckham,True
David Beckham,0.8,beckham_334.txt,beckham,True
David Beckham,0.9,beckham_338.txt,beckham,True
David Beckham,0.95,beckham_369.txt,beckham,True
David Beckham,0.9,beckham_425.txt,beckham,True
David Beckham,0.9,beckham_465.txt,beckham,True
David Beckham,0.9,beckham_478.txt,beckham,True
Cristiano Ronaldo,0.9,beckham_495.txt,beckham,False
David Beckham,0.9,beckham_5.txt,beckham,True
David Beckham,0.9,beckham_515.txt,beckham,True
David Beckham,0.9,beckham_519.txt,beckham,True
David Beckham,0.9,beckham_534.txt,beckham,True
Cristiano Ronaldo,0.9,beckham_574.txt,beckham,False
David Beckham,0.9,beckham_610.txt,beckham,True
David Beckham,0.9,beckham_663.txt,beckham,True
UNKNOWN,0.0,beckham_694.txt,beckham,False
David Beckham,0.9,beckham_709.txt,beckham,True
David Beckham,0.9,beckham_714.txt,beckham,True
Lionel Messi,0.9,beckham_720.txt,beckham,False
David Beckham,0.9,beckham_723.txt,beckham,True
David Beckham,0.9,beckham_763.txt,beckham,True
Lionel Messi,0.9,beckham_779.txt,beckham,False
David Beckham,0.9,beckham_834.txt,beckham,True
David Beckham,0.9,beckham_84.txt,beckham,True
David Beckham,0.9,beckham_843.txt,beckham,True
David Beckham,0.9,beckham_865.txt,beckham,True
David Beckham,0.9,beckham_885.txt,beckham,True
David Beckham,0.9,beckham_889.txt,beckham,True
Lionel Messi,0.9,beckham_903.txt,beckham,False
David Beckham,0.9,beckham_909.txt,beckham,True
David Beckham,0.9,beckham_915.txt,beckham,True
David Beckham,0.9,beckham_930.txt,beckham,True
David Beckham,0.9,beckham_935.txt,beckham,True
David Beckham,0.9,beckham_954.txt,beckham,True
David Beckham,0.9,beckham_959.txt,beckham,True
David Beckham,0.9,beckham_964.txt,beckham,True
Naomi Campbell,0.9,campbell_1018.txt,campbell,True
Kate Moss,0.9,campbell_1028.txt,campbell,False
UNKNOWN,0.0,campbell_1054.txt,campbell,False
Gisele Bündchen,0.9,campbell_1068.txt,campbell,False
Gisele Bündchen,0.9,campbell_163.txt,campbell,False
Naomi Campbell,0.9,campbell_174.txt,campbell,True
Gisele Bündchen,0.8,campbell_203.txt,campbell,False
Naomi Campbell,0.9,campbell_217.txt,campbell,True
Naomi Campbell,0.9,campbell_228.txt,campbell,True
UNKNOWN,0.5,campbell_23.txt,campbell,False
UNKNOWN,0.0,campbell_254.txt,campbell,False
UNKNOWN,0.0,campbell_298.txt,campbell,False
UNKNOWN,0.0,campbell_307.txt,campbell,False
Meryl Streep,0.9,campbell_314.txt,campbell,False
Naomi Campbell,0.9,campbell_329.txt,campbell,True
Naomi Campbell,0.9,campbell_33.txt,campbell,True
UNKNOWN,0.0,campbell_353.txt,campbell,False
Michael Jackson,0.9,campbell_382.txt,campbell,False
UNKNOWN,0.0,campbell_389.txt,campbell,False
UNKNOWN,0.0,campbell_398.txt,campbell,False
UNKNOWN,0.0,campbell_414.txt,campbell,False
Naomi Campbell,0.9,campbell_477.txt,campbell,True
Naomi Campbell,0.9,campbell_488.txt,campbell,True
Kate Moss,0.9,campbell_507.txt,campbell,False
UNKNOWN,0.0,campbell_523.txt,campbell,False
Naomi Campbell,0.9,campbell_529.txt,campbell,True
UNKNOWN,0.0,campbell_53.txt,campbell,False
Naomi Campbell,0.9,campbell_563.txt,campbell,True
Gisele Bündchen,0.9,campbell_569.txt,campbell,False
UNKNOWN,0.0,campbell_572.txt,campbell,False
Gisele Bündchen,0.9,campbell_62.txt,campbell,False
Naomi Campbell,0.9,campbell_647.txt,campbell,True
Tyra Banks,0.9,campbell_657.txt,campbell,False
UNKNOWN,0.0,campbell_662.txt,campbell,False
Kate Moss,0.9,campbell_668.txt,campbell,False
Kate Moss,0.9,campbell_67.txt,campbell,False
UNKNOWN,0.0,campbell_688.txt,campbell,False
Donald Trump,0.8,campbell_693.txt,campbell,False
Naomi Campbell,0.9,campbell_734.txt,campbell,True
UNKNOWN,0.0,campbell_744.txt,campbell,False
UNKNOWN,0.5,campbell_758.txt,campbell,False
UNKNOWN,0.0,campbell_784.txt,campbell,False
UNKNOWN,0.0,campbell_789.txt,campbell,False
Gigi Hadid,0.9,campbell_795.txt,campbell,False
UNKNOWN,0.0,campbell_833.txt,campbell,False
UNKNOWN,0.0,campbell_848.txt,campbell,False
Naomi Campbell,0.9,campbell_869.txt,campbell,True
Naomi Campbell,0.9,campbell_939.txt,campbell,True
Gisele Bündchen,0.9,campbell_94.txt,campbell,False
Naomi Campbell,0.9,campbell_993.txt,campbell,True
Naomi Campbell,0.9,campbell_999.txt,campbell,True
Daniel Craig,0.9,craig_10.txt,craig,True
Daniel Craig,0.9,craig_1005.txt,craig,True
Keanu Reeves,0.9,craig_1017.txt,craig,False
Daniel Radcliffe,0.9,craig_1049.txt,craig,False
Harrison Ford,0.9,craig_1053.txt,craig,False
Daniel Craig,0.9,craig_1078.txt,craig,True
Brad Pitt,0.9,craig_114.txt,craig,False
Tom Cruise,0.9,craig_123.txt,craig,False
UNKNOWN,0.0,craig_137.txt,craig,False
Daniel Radcliffe,0.9,craig_149.txt,craig,False
Tom Hiddleston,0.9,craig_17.txt,craig,False
Daniel Craig,0.9,craig_188.txt,craig,True
Daniel Craig,0.9,craig_227.txt,craig,True
Daniel Craig,0.9,craig_253.txt,craig,True
UNKNOWN,0.0,craig_259.txt,craig,False
Daniel Craig,0.9,craig_263.txt,craig,True
UNKNOWN,0.0,craig_273.txt,craig,False
Daniel Craig,0.9,craig_32.txt,craig,True
Reese Witherspoon,0.9,craig_328.txt,craig,False
UNKNOWN,0.0,craig_332.txt,craig,False
UNKNOWN,0.0,craig_375.txt,craig,False
Daniel Craig,0.95,craig_378.txt,craig,True
Tom Cruise,0.95,craig_381.txt,craig,False
Daniel Radcliffe,0.9,craig_393.txt,craig,False
Harrison Ford,0.9,craig_40.txt,craig,False
UNKNOWN,0.0,craig_403.txt,craig,False
UNKNOWN,0.0,craig_413.txt,craig,False
UNKNOWN,0.0,craig_439.txt,craig,False
Daniel Craig,0.9,craig_469.txt,craig,True
Hugh Jackman,0.9,craig_476.txt,craig,False
Jennifer Aniston,0.8,craig_493.txt,craig,False
Angelina Jolie,0.9,craig_528.txt,craig,False
Leonardo DiCaprio,0.9,craig_538.txt,craig,False
UNKNOWN,0.0,craig_58.txt,craig,False
UNKNOWN,0.0,craig_596.txt,craig,False
Daniel Radcliffe,0.9,craig_612.txt,craig,False
Tom Hanks,0.9,craig_644.txt,craig,False
Daniel Craig,0.9,craig_677.txt,craig,True
Tom Hanks,0.9,craig_698.txt,craig,False
Daniel Craig,0.95,craig_703.txt,craig,True
UNKNOWN,0.0,craig_713.txt,craig,False
UNKNOWN,0.0,craig_788.txt,craig,False
Daniel Craig,0.9,craig_819.txt,craig,True
UNKNOWN,0.0,craig_823.txt,craig,False
Daniel Radcliffe,0.9,craig_832.txt,craig,False
Leonardo DiCaprio,0.9,craig_873.txt,craig,False
Dwayne Johnson,0.9,craig_879.txt,craig,False
Daniel Craig,0.9,craig_886.txt,craig,True
Daniel Craig,0.9,craig_908.txt,craig,True
Brad Pitt,0.9,craig_912.txt,craig,False
UNKNOWN,0.5,craig_928.txt,craig,False
Daniel Radcliffe,0.9,craig_978.txt,craig,False
Tom Hiddleston,0.9,craig_98.txt,craig,False
Angelina Jolie,0.9,craig_992.txt,craig,False
UNKNOWN,0.0,cumberbatch_1031.txt,cumberbatch,False
Cate Blanchett,0.9,cumberbatch_1036.txt,cumberbatch,False
Tom Hanks,0.9,cumberbatch_1046.txt,cumberbatch,False
UNKNOWN,0.0,cumberbatch_131.txt,cumberbatch,False
UNKNOWN,0.0,cumberbatch_151.txt,cumberbatch,False
UNKNOWN,0.0,cumberbatch_171.txt,cumberbatch,False
UNKNOWN,0.0,cumberbatch_181.txt,cumberbatch,False
UNKNOWN,0.0,cumberbatch_206.txt,cumberbatch,False
UNKNOWN,0.0,cumberbatch_211.txt,cumberbatch,False
Benedict Cumberbatch,0.9,cumberbatch_221.txt,cumberbatch,True
UNKNOWN,0.0,cumberbatch_236.txt,cumberbatch,False
Benedict Cumberbatch,0.9,cumberbatch_246.txt,cumberbatch,True
Benedict Cumberbatch,0.9,cumberbatch_26.txt,cumberbatch,True
Tom Cruise,0.9,cumberbatch_266.txt,cumberbatch,False
Benedict Cumberbatch,0.9,cumberbatch_291.txt,cumberbatch,True
UNKNOWN,0.0,cumberbatch_326.txt,cumberbatch,False
UNKNOWN,0.0,cumberbatch_341.txt,cumberbatch,False
UNKNOWN,0.0,cumberbatch_386.txt,cumberbatch,False
Tom Hanks,0.8,cumberbatch_426.txt,cumberbatch,False
UNKNOWN,0.0,cumberbatch_456.txt,cumberbatch,False
Hugh Jackman,0.9,cumberbatch_461.txt,cumberbatch,False
Cate Blanchett,0.8,cumberbatch_471.txt,cumberbatch,False
Benedict Cumberbatch,0.9,cumberbatch_481.txt,cumberbatch,True
Brad Pitt,0.8,cumberbatch_486.txt,cumberbatch,False
UNKNOWN,0.0,cumberbatch_501.txt,cumberbatch,False
UNKNOWN,0.0,cumberbatch_511.txt,cumberbatch,False
Benedict Cumberbatch,0.8,cumberbatch_521.txt,cumberbatch,True
Leonardo DiCaprio,0.9,cumberbatch_541.txt,cumberbatch,False
Benedict Cumberbatch,0.9,cumberbatch_56.txt,cumberbatch,True
Tom Hanks,0.9,cumberbatch_566.txt,cumberbatch,False
Benedict Cumberbatch,0.9,cumberbatch_6.txt,cumberbatch,True
Tom Hanks,0.95,cumberbatch_606.txt,cumberbatch,False
Tom Hanks,0.9,cumberbatch_621.txt,cumberbatch,False
UNKNOWN,0.0,cumberbatch_651.txt,cumberbatch,False
Tom Hanks,0.9,cumberbatch_71.txt,cumberbatch,False
Benedict Cumberbatch,0.9,cumberbatch_716.txt,cumberbatch,True
UNKNOWN,0.0,cumberbatch_726.txt,cumberbatch,False
UNKNOWN,0.0,cumberbatch_731.txt,cumberbatch,False
Cate Blanchett,0.9,cumberbatch_751.txt,cumberbatch,False
Hugh Jackman,0.9,cumberbatch_766.txt,cumberbatch,False
UNKNOWN,0.0,cumberbatch_786.txt,cumberbatch,False
UNKNOWN,0.0,cumberbatch_796.txt,cumberbatch,False
John Doe,0.75,cumberbatch_806.txt,cumberbatch,False
Hugh Grant,0.8,cumberbatch_816.txt,cumberbatch,False
UNKNOWN,0.0,cumberbatch_821.txt,cumberbatch,False
Steve Carell,0.9,cumberbatch_856.txt,cumberbatch,False
UNKNOWN,0.0,cumberbatch_861.txt,cumberbatch,False
Benedict Cumberbatch,0.9,cumberbatch_871.txt,cumberbatch,True
UNKNOWN,0.0,cumberbatch_881.txt,cumberbatch,False
UNKNOWN,0.5,cumberbatch_926.txt,cumberbatch,False
Benedict Cumberbatch,0.9,cumberbatch_941.txt,cumberbatch,True
UNKNOWN,0.0,cumberbatch_971.txt,cumberbatch,False
UNKNOWN,0.0,cumberbatch_981.txt,cumberbatch,False
Tom Hanks,0.8,cumberbatch_986.txt,cumberbatch,False
PERSON_FIRSTNAME_3 PERSON_LASTNAME_2,0.8,delevigne_1000.txt,delevigne,False
UNKNOWN,0.0,delevigne_1007.txt,delevigne,False
UNKNOWN,0.0,delevigne_1015.txt,delevigne,False
UNKNOWN,0.0,delevigne_1029.txt,delevigne,False
Taylor Swift,0.9,delevigne_104.txt,delevigne,False
UNKNOWN,0.0,delevigne_1064.txt,delevigne,False
UNKNOWN,0.0,delevigne_130.txt,delevigne,False
Keira Knightley,0.9,delevigne_150.txt,delevigne,False
Cara Delevingne,0.9,delevigne_184.txt,delevigne,True
Cara Delevingne,0.9,delevigne_189.txt,delevigne,True
UNKNOWN,0.0,delevigne_199.txt,delevigne,False
UNKNOWN,0.0,delevigne_205.txt,delevigne,False
PERSON_FIRSTNAME_1 PERSON_LASTNAME_1,0.8,delevigne_210.txt,delevigne,False
Cara Delevingne,0.9,delevigne_219.txt,delevigne,True
UNKNOWN,0.0,delevigne_245.txt,delevigne,False
UNKNOWN,0.0,delevigne_25.txt,delevigne,False
UNKNOWN,0.0,delevigne_255.txt,delevigne,False
Cara Delevingne,0.9,delevigne_265.txt,delevigne,True
UNKNOWN,0.0,delevigne_270.txt,delevigne,False
UNKNOWN,0.0,delevigne_274.txt,delevigne,False
Gigi Hadid,0.9,delevigne_28.txt,delevigne,False
UNKNOWN,0.0,delevigne_299.txt,delevigne,False
Cara Delevingne,0.9,delevigne_317.txt,delevigne,True
UNKNOWN,0.0,delevigne_383.txt,delevigne,False
Cara Delevingne,0.9,delevigne_395.txt,delevigne,True
UNKNOWN,0.0,delevigne_415.txt,delevigne,False
Cara Delevingne,0.9,delevigne_459.txt,delevigne,True
Cara Delevingne,0.9,delevigne_475.txt,delevigne,True
Cara Delevingne,0.9,delevigne_484.txt,delevigne,True
Cara Delevingne,0.9,delevigne_490.txt,delevigne,True
UNKNOWN,0.0,delevigne_54.txt,delevigne,False
Emma Watson,0.9,delevigne_570.txt,delevigne,False
Cara Delevingne,0.9,delevigne_589.txt,delevigne,True
Cara Delevingne,0.9,delevigne_59.txt,delevigne,True
UNKNOWN,0.0,delevigne_600.txt,delevigne,False
Taylor Swift,0.9,delevigne_620.txt,delevigne,False
UNKNOWN,0.0,delevigne_659.txt,delevigne,False
Cara Delevingne,0.9,delevigne_669.txt,delevigne,True
UNKNOWN,0.0,delevigne_675.txt,delevigne,False
Cara Delevingne,0.9,delevigne_70.txt,delevigne,True
Cara Delevingne,0.9,delevigne_700.txt,delevigne,True
Cara Delevingne,0.9,delevigne_729.txt,delevigne,True
Gigi Hadid,0.9,delevigne_750.txt,delevigne,False
Cara Delevingne,0.9,delevigne_83.txt,delevigne,True
Scarlett Johansson,0.9,delevigne_859.txt,delevigne,False
Gal Gadot,0.9,delevigne_914.txt,delevigne,False
UNKNOWN,0.8,delevigne_920.txt,delevigne,False
UNKNOWN,0.0,delevigne_940.txt,delevigne,False
UNKNOWN,0.0,delevigne_949.txt,delevigne,False
UNKNOWN,0.0,delevigne_953.txt,delevigne,False
Cara Delevingne,0.9,delevigne_994.txt,delevigne,True
Meryl Streep,0.9,dench_1034.txt,dench,False
UNKNOWN,0.0,dench_1058.txt,dench,False
Meryl Streep,0.9,dench_1072.txt,dench,False
UNKNOWN,0.0,dench_1079.txt,dench,False
Meryl Streep,0.95,dench_119.txt,dench,False
Meryl Streep,0.9,dench_138.txt,dench,False
Judi Dench,0.9,dench_144.txt,dench,True
Judi Dench,0.9,dench_268.txt,dench,True
Judi Dench,0.9,dench_27.txt,dench,True
Meryl Streep,0.9,dench_278.txt,dench,False
Meryl Streep,0.9,dench_283.txt,dench,False
Judi Dench,0.9,dench_315.txt,dench,True
Meryl Streep,0.9,dench_344.txt,dench,False
UNKNOWN,0.0,dench_354.txt,dench,False
Emma Watson,0.9,dench_359.txt,dench,False
Judi Dench,0.9,dench_363.txt,dench,True
Meryl Streep,0.9,dench_368.txt,dench,False
UNKNOWN,0.0,dench_399.txt,dench,False
Judi Dench,0.9,dench_404.txt,dench,True
Judi Dench,0.9,dench_429.txt,dench,True
UNKNOWN,0.0,dench_440.txt,dench,False
Judi Dench,0.9,dench_447.txt,dench,True
UNKNOWN,0.0,dench_48.txt,dench,False
Judi Dench,0.9,dench_489.txt,dench,True
Meryl Streep,0.9,dench_494.txt,dench,False
UNKNOWN,0.0,dench_504.txt,dench,False
Tom Hanks,0.9,dench_508.txt,dench,False
UNKNOWN,0.0,dench_514.txt,dench,False
Meryl Streep,0.9,dench_516.txt,dench,False
Meryl Streep,0.9,dench_548.txt,dench,False
Meryl Streep,0.9,dench_560.txt,dench,False
Meryl Streep,0.9,dench_573.txt,dench,False
UNKNOWN,0.0,dench_587.txt,dench,False
UNKNOWN,0.0,dench_593.txt,dench,False
Emma Thompson,0.9,dench_597.txt,dench,False
Judi Dench,0.9,dench_613.txt,dench,True
UNKNOWN,0.0,dench_632.txt,dench,False
Meryl Streep,0.9,dench_654.txt,dench,False
Daniel Craig,0.9,dench_658.txt,dench,False
Meryl Streep,0.9,dench_68.txt,dench,False
Judi Dench,0.9,dench_684.txt,dench,True
Meryl Streep,0.9,dench_689.txt,dench,False
UNKNOWN,0.0,dench_75.txt,dench,False
UNKNOWN,0.0,dench_759.txt,dench,False
Cate Blanchett,0.95,dench_790.txt,dench,False
Judi Dench,0.9,dench_799.txt,dench,True
Meryl Streep,0.9,dench_820.txt,dench,False
UNKNOWN,0.0,dench_829.txt,dench,False
UNKNOWN,0.0,dench_870.txt,dench,False
Meryl Streep,0.8,dench_880.txt,dench,False
Meryl Streep,0.9,dench_89.txt,dench,False
Judi Dench,0.9,dench_893.txt,dench,True
Judi Dench,0.9,dench_918.txt,dench,True
UNKNOWN,0.0,dench_948.txt,dench,False
Meryl Streep,0.9,dench_957.txt,dench,False
UNKNOWN,0.0,dench_969.txt,dench,False
Ricky Gervais,0.9,gervais_1009.txt,gervais,True
Louis C.K.,0.9,gervais_1035.txt,gervais,False
Amy Schumer,0.9,gervais_1065.txt,gervais,False
Ricky Gervais,0.9,gervais_124.txt,gervais,True
Unknown,0.0,gervais_160.txt,gervais,False
Ricky Gervais,0.9,gervais_169.txt,gervais,True
Ricky Gervais,0.9,gervais_19.txt,gervais,True
Ricky Gervais,0.9,gervais_200.txt,gervais,True
Rowan Atkinson,0.9,gervais_230.txt,gervais,False
Jerry Seinfeld,0.9,gervais_275.txt,gervais,False
UNKNOWN,0.0,gervais_305.txt,gervais,False
Ricky Gervais,0.9,gervais_325.txt,gervais,True
Ricky Gervais,0.9,gervais_340.txt,gervais,True
Ricky Gervais,0.9,gervais_400.txt,gervais,True
UNKNOWN,0.0,gervais_405.txt,gervais,False
Jim Carrey,0.9,gervais_45.txt,gervais,False
Rowan Atkinson,0.95,gervais_454.txt,gervais,False
Ricky Gervais,0.9,gervais_479.txt,gervais,True
Rowan Atkinson,0.9,gervais_50.txt,gervais,False
UNKNOWN,0.0,gervais_535.txt,gervais,False
Jerry Seinfeld,0.9,gervais_549.txt,gervais,False
,,gervais_555.txt,gervais,False
Steve Carell,0.9,gervais_590.txt,gervais,False
UNKNOWN,0.0,gervais_595.txt,gervais,False
Ricky Gervais,0.9,gervais_630.txt,gervais,True
Jerry Seinfeld,0.9,gervais_634.txt,gervais,False
Ricky Gervais,0.9,gervais_660.txt,gervais,True
UNKNOWN,0.0,gervais_664.txt,gervais,False
Jerry Seinfeld,0.9,gervais_670.txt,gervais,False
UNKNOWN,0.0,gervais_695.txt,gervais,False
UNKNOWN,0.0,gervais_715.txt,gervais,False
PERSON_LASTNAME_1,0.8,gervais_730.txt,gervais,False
Ricky Gervais,0.9,gervais_735.txt,gervais,True
Jerry Seinfeld,0.9,gervais_765.txt,gervais,False
Ellen DeGeneres,0.9,gervais_770.txt,gervais,False
Ricky Gervais,0.9,gervais_785.txt,gervais,True
Ricky Gervais,0.9,gervais_80.txt,gervais,True
UNKNOWN,0.5,gervais_800.txt,gervais,False
UNKNOWN,0.0,gervais_840.txt,gervais,False
UNKNOWN,0.0,gervais_845.txt,gervais,False
Unknown,0.0,gervais_855.txt,gervais,False
Ricky Gervais,0.9,gervais_890.txt,gervais,True
Ricky Gervais,0.9,gervais_895.txt,gervais,True
Ricky Gervais,0.9,gervais_900.txt,gervais,True
Russell Brand,0.9,gervais_950.txt,gervais,False
Jerry Seinfeld,0.8,gervais_975.txt,gervais,False
Hugh Grant,0.9,grant_1012.txt,grant,True
Hugh Grant,0.9,grant_1022.txt,grant,True
UNKNOWN,0.0,grant_1033.txt,grant,False
UNKNOWN,0.0,grant_1057.txt,grant,False
Hugh Grant,0.9,grant_107.txt,grant,True
Leonardo DiCaprio,0.9,grant_1076.txt,grant,False
Hugh Grant,0.9,grant_148.txt,grant,True
Hugh Grant,0.9,grant_16.txt,grant,True
Hugh Grant,0.9,grant_173.txt,grant,True
Hugh Grant,0.9,grant_21.txt,grant,True
Tom Hanks,0.9,grant_234.txt,grant,False
Hugh Grant,0.9,grant_272.txt,grant,True
Hugh Grant,0.9,grant_31.txt,grant,True
Hugh Grant,0.9,grant_343.txt,grant,True
Hugh Grant,0.9,grant_374.txt,grant,True
Hugh Grant,0.9,grant_424.txt,grant,True
Tom Hanks,0.9,grant_437.txt,grant,False
PERSON_FIRSTNAME_1 PERSON_LASTNAME_2,0.9,grant_452.txt,grant,False
Elizabeth Hurley,0.8,grant_492.txt,grant,False
Hugh Grant,0.9,grant_498.txt,grant,True
Hugh Grant,0.9,grant_522.txt,grant,True
Hugh Grant,0.9,grant_533.txt,grant,True
UNKNOWN,0.0,grant_543.txt,grant,False
Hugh Grant,0.9,grant_559.txt,grant,True
Hugh Grant,0.9,grant_571.txt,grant,True
Hugh Grant,0.9,grant_577.txt,grant,True
Rowan Atkinson,0.9,grant_603.txt,grant,False
UNKNOWN,0.0,grant_625.txt,grant,False
Hugh Grant,0.9,grant_631.txt,grant,True
UNKNOWN,0.0,grant_638.txt,grant,False
Tom Hanks,0.9,grant_708.txt,grant,False
UNKNOWN,0.0,grant_749.txt,grant,False
Tom Cruise,0.9,grant_754.txt,grant,False
Hugh Grant,0.9,grant_772.txt,grant,True
Adam Sandler,0.9,grant_777.txt,grant,False
UNKNOWN,0.5,grant_783.txt,grant,False
Hugh Grant,0.9,grant_79.txt,grant,True
Tom Hanks,0.9,grant_813.txt,grant,False
UNKNOWN,0.0,grant_828.txt,grant,False
UNKNOWN,0.0,grant_831.txt,grant,False
Hugh Grant,0.9,grant_852.txt,grant,True
Tom Hanks,0.9,grant_864.txt,grant,False
Hugh Grant,0.9,grant_877.txt,grant,True
Hugh Grant,0.9,grant_883.txt,grant,True
Jim Carrey,0.9,grant_925.txt,grant,False
Hugh Grant,0.9,grant_93.txt,grant,True
UNKNOWN,0.0,grant_968.txt,grant,False
Hugh Grant,0.9,grant_991.txt,grant,True
LeBron James,0.8,hamilton_1019.txt,hamilton,False
Lewis Hamilton,0.9,hamilton_1040.txt,hamilton,True
Lewis Hamilton,0.9,hamilton_1060.txt,hamilton,True
Lewis Hamilton,0.9,hamilton_1074.txt,hamilton,True
Lewis Hamilton,0.9,hamilton_13.txt,hamilton,True
Lewis Hamilton,0.9,hamilton_135.txt,hamilton,True
UNKNOWN,0.0,hamilton_139.txt,hamilton,False
Lewis Hamilton,0.9,hamilton_158.txt,hamilton,True
Lewis Hamilton,0.9,hamilton_164.txt,hamilton,True
Lewis Hamilton,0.95,hamilton_168.txt,hamilton,True
Lewis Hamilton,0.9,hamilton_198.txt,hamilton,True
Lewis Hamilton,0.9,hamilton_204.txt,hamilton,True
Lewis Hamilton,0.9,hamilton_215.txt,hamilton,True
Lewis Hamilton,0.9,hamilton_239.txt,hamilton,True
Lewis Hamilton,0.9,hamilton_249.txt,hamilton,True
Lewis Hamilton,0.9,hamilton_264.txt,hamilton,True
Lewis Hamilton,0.9,hamilton_279.txt,hamilton,True
Lewis Hamilton,0.9,hamilton_284.txt,hamilton,True
Lewis Hamilton,0.9,hamilton_295.txt,hamilton,True
Lewis Hamilton,0.95,hamilton_309.txt,hamilton,True
UNKNOWN,0.0,hamilton_333.txt,hamilton,False
Lewis Hamilton,0.9,hamilton_345.txt,hamilton,True
Lewis Hamilton,0.9,hamilton_349.txt,hamilton,True
Lewis Hamilton,0.9,hamilton_390.txt,hamilton,True
Lewis Hamilton,0.9,hamilton_394.txt,hamilton,True
Lewis Hamilton,0.9,hamilton_4.txt,hamilton,True
Lewis Hamilton,0.9,hamilton_449.txt,hamilton,True
Lewis Hamilton,0.9,hamilton_474.txt,hamilton,True
Lewis Hamilton,0.8,hamilton_483.txt,hamilton,True
Lewis Hamilton,0.9,hamilton_500.txt,hamilton,True
Lewis Hamilton,0.9,hamilton_505.txt,hamilton,True
Lewis Hamilton,0.9,hamilton_510.txt,hamilton,True
Lewis Hamilton,0.9,hamilton_518.txt,hamilton,True
Lewis Hamilton,0.9,hamilton_524.txt,hamilton,True
Lewis Hamilton,0.9,hamilton_565.txt,hamilton,True
Lewis Hamilton,0.9,hamilton_580.txt,hamilton,True
Lewis Hamilton,0.9,hamilton_599.txt,hamilton,True
Lewis Hamilton,0.9,hamilton_633.txt,hamilton,True
Lewis Hamilton,0.9,hamilton_64.txt,hamilton,True
Lewis Hamilton,0.9,hamilton_648.txt,hamilton,True
Lewis Hamilton,0.9,hamilton_674.txt,hamilton,True
Lewis Hamilton,0.9,hamilton_685.txt,hamilton,True
Michael Schumacher,0.9,hamilton_704.txt,hamilton,False
Lewis Hamilton,0.9,hamilton_755.txt,hamilton,True
Lewis Hamilton,0.9,hamilton_769.txt,hamilton,True
Lewis Hamilton,0.9,hamilton_773.txt,hamilton,True
Lewis Hamilton,0.9,hamilton_804.txt,hamilton,True
UNKNOWN,0.9,hamilton_809.txt,hamilton,False
Lewis Hamilton,0.9,hamilton_82.txt,hamilton,True
Lewis Hamilton,0.9,hamilton_849.txt,hamilton,True
Lewis Hamilton,0.9,hamilton_874.txt,hamilton,True
UNKNOWN,0.0,hamilton_884.txt,hamilton,False
Lewis Hamilton,0.9,hamilton_888.txt,hamilton,True
Lewis Hamilton,0.9,hamilton_898.txt,hamilton,True
Lewis Hamilton,0.9,hamilton_913.txt,hamilton,True
Lewis Hamilton,0.9,hamilton_919.txt,hamilton,True
Lewis Hamilton,0.9,hamilton_934.txt,hamilton,True
Lewis Hamilton,0.9,hamilton_958.txt,hamilton,True
Lewis Hamilton,0.9,hamilton_974.txt,hamilton,True
Lewis Hamilton,0.9,hamilton_980.txt,hamilton,True
Lewis Hamilton,0.9,hamilton_989.txt,hamilton,True
Bono,0.9,jagger_1.txt,jagger,False
Bono,0.9,jagger_101.txt,jagger,False
Mick Jagger,0.9,jagger_1021.txt,jagger,True
Elton John,0.9,jagger_1026.txt,jagger,False
Justin Timberlake,0.9,jagger_1066.txt,jagger,False
Elton John,0.9,jagger_11.txt,jagger,False
Elton John,0.9,jagger_116.txt,jagger,False
Mick Jagger,0.9,jagger_129.txt,jagger,True
Mick Jagger,0.9,jagger_141.txt,jagger,True
UNKNOWN,0.0,jagger_146.txt,jagger,False
Mick Jagger,0.9,jagger_208.txt,jagger,True
Mick Jagger,0.9,jagger_213.txt,jagger,True
Mick Jagger,0.9,jagger_241.txt,jagger,True
Paul McCartney,0.9,jagger_258.txt,jagger,False
Mick Jagger,0.9,jagger_262.txt,jagger,True
Elton John,0.9,jagger_277.txt,jagger,False
Mick Jagger,0.9,jagger_286.txt,jagger,True
Mick Jagger,0.9,jagger_293.txt,jagger,True
Mick Jagger,0.9,jagger_296.txt,jagger,True
Mick Jagger,0.9,jagger_322.txt,jagger,True
Mick Jagger,0.9,jagger_336.txt,jagger,True
Elvis Presley,0.9,jagger_376.txt,jagger,False
Mick Jagger,0.9,jagger_392.txt,jagger,True
Mick Jagger,0.9,jagger_402.txt,jagger,True
Mick Jagger,0.8,jagger_42.txt,jagger,True
Elton John,0.9,jagger_422.txt,jagger,False
Elton John,0.9,jagger_441.txt,jagger,False
Bono,0.9,jagger_458.txt,jagger,False
Mick Jagger,0.9,jagger_467.txt,jagger,True
Bono,0.9,jagger_487.txt,jagger,False
David Bowie,0.95,jagger_496.txt,jagger,False
Bono,0.9,jagger_513.txt,jagger,False
Elvis Presley,0.9,jagger_52.txt,jagger,False
Mick Jagger,0.9,jagger_557.txt,jagger,True
UNKNOWN,0.0,jagger_561.txt,jagger,False
Elvis Presley,0.9,jagger_567.txt,jagger,False
Elton John,0.9,jagger_582.txt,jagger,False
Mick Jagger,0.9,jagger_617.txt,jagger,True
Paul McCartney,0.9,jagger_623.txt,jagger,False
Mick Jagger,0.9,jagger_672.txt,jagger,True
Mick Jagger,0.9,jagger_701.txt,jagger,True
Mick Jagger,0.9,jagger_711.txt,jagger,True
Johnny Depp,0.8,jagger_738.txt,jagger,False
Mick Jagger,0.9,jagger_77.txt,jagger,True
Mick Jagger,0.9,jagger_771.txt,jagger,True
Mick Jagger,0.9,jagger_782.txt,jagger,True
PERSON_FIRSTNAME_2 PERSON_LASTNAME_2,0.8,jagger_792.txt,jagger,False
UNKNOWN,0.0,jagger_846.txt,jagger,False
Mick Jagger,0.9,jagger_857.txt,jagger,True
Taylor Swift,0.9,jagger_897.txt,jagger,False
Shakira,0.9,jagger_917.txt,jagger,False
Beyonce,0.9,jagger_96.txt,jagger,False
UNKNOWN,0.0,jagger_984.txt,jagger,False
Elton John,0.9,john_1011.txt,john,True
Elton John,0.9,john_1016.txt,john,True
Lady Gaga,0.9,john_1038.txt,john,False
Elton John,0.9,john_106.txt,john,True
Elton John,0.9,john_128.txt,john,True
Elton John,0.9,john_153.txt,john,True
Elton John,0.9,john_156.txt,john,True
Elton John,0.9,john_166.txt,john,True
Elton John,0.9,john_177.txt,john,True
Elton John,0.9,john_193.txt,john,True
Elton John,0.9,john_222.txt,john,True
Elton John,0.9,john_261.txt,john,True
Elton John,0.9,john_281.txt,john,True
Elvis Presley,0.9,john_352.txt,john,False
Elton John,0.9,john_361.txt,john,True
Elton John,0.9,john_372.txt,john,True
Elton John,0.9,john_391.txt,john,True
Elton John,0.9,john_401.txt,john,True
Elton John,0.9,john_407.txt,john,True
Elton John,0.9,john_417.txt,john,True
Elton John,0.9,john_421.txt,john,True
Elton John,0.9,john_451.txt,john,True
Elton John,0.9,john_502.txt,john,True
Elton John,0.9,john_51.txt,john,True
Elton John,0.9,john_512.txt,john,True
Elton John,0.9,john_616.txt,john,True
Elton John,0.9,john_642.txt,john,True
Elton John,0.9,john_687.txt,john,True
Elton John,0.9,john_697.txt,john,True
Elton John,0.9,john_717.txt,john,True
Elton John,0.9,john_727.txt,john,True
Elton John,0.9,john_73.txt,john,True
Kanye West,0.9,john_737.txt,john,False
Elton John,0.9,john_747.txt,john,True
UNKNOWN,0.0,john_757.txt,john,False
Elton John,0.9,john_76.txt,john,True
Elton John,0.9,john_776.txt,john,True
Elton John,0.9,john_797.txt,john,True
Elton John,0.9,john_8.txt,john,True
Tom Hanks,0.9,john_807.txt,john,False
Elton John,0.9,john_812.txt,john,True
Elton John,0.9,john_822.txt,john,True
Elton John,0.9,john_863.txt,john,True
Elton John,0.9,john_87.txt,john,True
Elton John,0.9,john_902.txt,john,True
Elton John,0.9,john_907.txt,john,True
Elton John,0.9,john_911.txt,john,True
Ellen DeGeneres,0.9,john_922.txt,john,False
Elton John,0.9,john_932.txt,john,True
Elton John,0.9,john_951.txt,john,True
Elton John,0.9,john_961.txt,john,True
Elton John,0.9,john_966.txt,john,True
Elton John,0.9,john_983.txt,john,True
Elton John,0.9,john_987.txt,john,True
Kate Middleton,0.9,middleton_1025.txt,middleton,True
Kate Middleton,0.9,middleton_1045.txt,middleton,True
Kate Middleton,0.9,middleton_1055.txt,middleton,True
Kate Middleton,0.9,middleton_1069.txt,middleton,True
Kate Middleton,0.9,middleton_15.txt,middleton,True
Kate Middleton,0.8,middleton_175.txt,middleton,True
Kate Middleton,0.9,middleton_185.txt,middleton,True
Kate Middleton,0.9,middleton_250.txt,middleton,True
Kate Middleton,0.9,middleton_30.txt,middleton,True
Kate Middleton,0.9,middleton_310.txt,middleton,True
UNKNOWN,0.0,middleton_319.txt,middleton,False
Kate Middleton,0.9,middleton_339.txt,middleton,True
Kate Middleton,0.9,middleton_350.txt,middleton,True
Kate Middleton,0.9,middleton_355.txt,middleton,True
Kate Middleton,0.9,middleton_360.txt,middleton,True
Kate Middleton,0.9,middleton_370.txt,middleton,True
Kate Middleton,0.9,middleton_379.txt,middleton,True
Kate Middleton,0.9,middleton_384.txt,middleton,True
Kate Middleton,0.9,middleton_410.txt,middleton,True
Kate Middleton,0.9,middleton_420.txt,middleton,True
Kate Middleton,0.9,middleton_434.txt,middleton,True
Kate Middleton,0.95,middleton_450.txt,middleton,True
Kate Middleton,0.9,middleton_460.txt,middleton,True
Kate Middleton,0.9,middleton_49.txt,middleton,True
Kate Middleton,0.9,middleton_525.txt,middleton,True
Kate Middleton,0.9,middleton_530.txt,middleton,True
Prince William,0.8,middleton_539.txt,middleton,False
Prince William,0.9,middleton_55.txt,middleton,False
Kate Middleton,0.9,middleton_575.txt,middleton,True
Kate Middleton,0.9,middleton_584.txt,middleton,True
Kate Middleton,0.9,middleton_60.txt,middleton,True
Kate Middleton,0.9,middleton_605.txt,middleton,True
Prince William,0.9,middleton_614.txt,middleton,False
Kate Middleton,0.9,middleton_640.txt,middleton,True
Kate Middleton,0.9,middleton_645.txt,middleton,True
Kate Middleton,0.9,middleton_649.txt,middleton,True
Kate Middleton,0.9,middleton_679.txt,middleton,True
Kate Middleton,0.9,middleton_705.txt,middleton,True
Kate Middleton,0.9,middleton_710.txt,middleton,True
Kate Middleton,0.9,middleton_724.txt,middleton,True
UNKNOWN,0.0,middleton_760.txt,middleton,False
Kate Middleton,0.9,middleton_764.txt,middleton,True
Kate Middleton,0.9,middleton_774.txt,middleton,True
Prince William,0.8,middleton_780.txt,middleton,False
Prince William,0.9,middleton_805.txt,middleton,False
Kate Middleton,0.9,middleton_815.txt,middleton,True
Kate Middleton,0.9,middleton_825.txt,middleton,True
Kate Middleton,0.9,middleton_839.txt,middleton,True
Prince William,0.9,middleton_844.txt,middleton,False
Kate Middleton,0.9,middleton_85.txt,middleton,True
Kate Middleton,0.9,middleton_860.txt,middleton,True
Kate Middleton,0.9,middleton_894.txt,middleton,True
Kate Middleton,0.9,middleton_899.txt,middleton,True
Princess Diana,0.9,middleton_904.txt,middleton,False
Kate Middleton,0.9,middleton_965.txt,middleton,True
Kate Middleton,0.9,middleton_995.txt,middleton,True
Kate Moss,0.9,moss_1010.txt,moss,True
UNKNOWN,0.0,moss_1020.txt,moss,False
Kate Moss,0.9,moss_1030.txt,moss,True
Gisele Bündchen,0.9,moss_1050.txt,moss,False
Gigi Hadid,0.9,moss_1070.txt,moss,False
Kate Moss,0.9,moss_1075.txt,moss,True
Kate Moss,0.9,moss_115.txt,moss,True
Gisele Bündchen,0.9,moss_125.txt,moss,False
Gisele Bündchen,0.8,moss_140.txt,moss,False
UNKNOWN,0.0,moss_155.txt,moss,False
UNKNOWN,0.0,moss_165.txt,moss,False
Kate Moss,0.9,moss_170.txt,moss,True
Kate Moss,0.9,moss_190.txt,moss,True
UNKNOWN,0.0,moss_20.txt,moss,False
Kate Moss,0.9,moss_240.txt,moss,True
Gigi Hadid,0.9,moss_280.txt,moss,False
Kate Moss,0.9,moss_285.txt,moss,True
Kate Moss,0.9,moss_290.txt,moss,True
Kate Moss,0.9,moss_320.txt,moss,True
Kate Moss,0.9,moss_330.txt,moss,True
Gigi Hadid,0.9,moss_335.txt,moss,False
Kate Moss,0.9,moss_35.txt,moss,True
Kate Moss,0.9,moss_365.txt,moss,True
UNKNOWN,0.0,moss_380.txt,moss,False
Madonna,0.9,moss_385.txt,moss,False
UNKNOWN,0.0,moss_430.txt,moss,False
UNKNOWN,0.0,moss_435.txt,moss,False
UNKNOWN,0.0,moss_445.txt,moss,False
Kate Moss,0.9,moss_455.txt,moss,True
Kate Moss,0.9,moss_480.txt,moss,True
Gigi Hadid,0.8,moss_485.txt,moss,False
Kate Moss,0.9,moss_520.txt,moss,True
Kate Moss,0.9,moss_540.txt,moss,True
Kate Moss,0.9,moss_550.txt,moss,True
Kate Moss,0.9,moss_585.txt,moss,True
UNKNOWN,0.0,moss_615.txt,moss,False
Kate Moss,0.9,moss_635.txt,moss,True
Kate Moss,0.9,moss_65.txt,moss,True
Gisele Bündchen,0.9,moss_650.txt,moss,False
Kate Moss,0.9,moss_655.txt,moss,True
Kate Moss,0.9,moss_665.txt,moss,True
Kate Moss,0.9,moss_680.txt,moss,True
Kate Moss,0.9,moss_690.txt,moss,True
Kate Moss,0.9,moss_725.txt,moss,True
UNKNOWN,0.0,moss_745.txt,moss,False
Kate Moss,0.9,moss_775.txt,moss,True
Ellen DeGeneres,0.8,moss_810.txt,moss,False
UNKNOWN,0.0,moss_835.txt,moss,False
PERSON_FIRSTNAME_1 PERSON_LASTNAME_1,0.8,moss_850.txt,moss,False
Gisele Bündchen,0.9,moss_875.txt,moss,False
Kate Moss,0.9,moss_90.txt,moss,True
UNKNOWN,0.0,moss_905.txt,moss,False
Kate Moss,0.9,moss_910.txt,moss,True
Kate Moss,0.9,moss_955.txt,moss,True
Kate Moss,0.9,moss_960.txt,moss,True
Kate Moss,0.9,moss_970.txt,moss,True
Gisele Bündchen,0.9,moss_990.txt,moss,False
Tom Cruise,0.9,radcliffe_102.txt,radcliffe,False
UNKNOWN,0.0,radcliffe_1039.txt,radcliffe,False
Daniel Radcliffe,0.8,radcliffe_1044.txt,radcliffe,True
Tom Hanks,0.9,radcliffe_1056.txt,radcliffe,False
Daniel Radcliffe,0.9,radcliffe_117.txt,radcliffe,True
Daniel Radcliffe,0.9,radcliffe_122.txt,radcliffe,True
Daniel Radcliffe,0.9,radcliffe_142.txt,radcliffe,True
UNKNOWN,0.0,radcliffe_161.txt,radcliffe,False
UNKNOWN,0.0,radcliffe_2.txt,radcliffe,False
Daniel Radcliffe,0.9,radcliffe_223.txt,radcliffe,True
Daniel Radcliffe,0.9,radcliffe_233.txt,radcliffe,True
Daniel Radcliffe,0.9,radcliffe_237.txt,radcliffe,True
UNKNOWN,0.0,radcliffe_243.txt,radcliffe,False
UNKNOWN,0.0,radcliffe_252.txt,radcliffe,False
Daniel Radcliffe,0.9,radcliffe_267.txt,radcliffe,True
UNKNOWN,0.0,radcliffe_282.txt,radcliffe,False
UNKNOWN,0.0,radcliffe_288.txt,radcliffe,False
UNKNOWN,0.0,radcliffe_303.txt,radcliffe,False
Leonardo DiCaprio,0.8,radcliffe_312.txt,radcliffe,False
Daniel Radcliffe,0.9,radcliffe_316.txt,radcliffe,True
Daniel Radcliffe,0.9,radcliffe_324.txt,radcliffe,True
Robert Downey Jr.,0.9,radcliffe_358.txt,radcliffe,False
Daniel Radcliffe,0.8,radcliffe_373.txt,radcliffe,True
Daniel Radcliffe,0.9,radcliffe_408.txt,radcliffe,True
UNKNOWN,0.5,radcliffe_432.txt,radcliffe,False
Daniel Radcliffe,0.9,radcliffe_44.txt,radcliffe,True
Daniel Radcliffe,0.9,radcliffe_463.txt,radcliffe,True
Daniel Radcliffe,0.9,radcliffe_472.txt,radcliffe,True
UNKNOWN,0.0,radcliffe_526.txt,radcliffe,False
Daniel Radcliffe,0.9,radcliffe_532.txt,radcliffe,True
Daniel Radcliffe,0.8,radcliffe_552.txt,radcliffe,True
Daniel Radcliffe,0.9,radcliffe_562.txt,radcliffe,True
Daniel Radcliffe,0.9,radcliffe_568.txt,radcliffe,True
Daniel Radcliffe,0.9,radcliffe_602.txt,radcliffe,True
Daniel Radcliffe,0.9,radcliffe_608.txt,radcliffe,True
Daniel Radcliffe,0.9,radcliffe_619.txt,radcliffe,True
UNKNOWN,0.0,radcliffe_624.txt,radcliffe,False
Daniel Radcliffe,0.9,radcliffe_636.txt,radcliffe,True
Daniel Radcliffe,0.9,radcliffe_643.txt,radcliffe,True
Tom Cruise,0.9,radcliffe_653.txt,radcliffe,False
Daniel Radcliffe,0.9,radcliffe_661.txt,radcliffe,True
UNKNOWN,0.0,radcliffe_692.txt,radcliffe,False
Daniel Radcliffe,0.9,radcliffe_707.txt,radcliffe,True
Tom Cruise,0.9,radcliffe_712.txt,radcliffe,False
PERSON_FIRSTNAME_1 PERSON_LASTNAME_1,0.9,radcliffe_719.txt,radcliffe,False
Daniel Radcliffe,0.9,radcliffe_739.txt,radcliffe,True
Tom Hanks,0.9,radcliffe_753.txt,radcliffe,False
Daniel Radcliffe,0.9,radcliffe_768.txt,radcliffe,True
Daniel Radcliffe,0.8,radcliffe_78.txt,radcliffe,True
Daniel Radcliffe,0.9,radcliffe_837.txt,radcliffe,True
UNKNOWN,0.0,radcliffe_847.txt,radcliffe,False
Daniel Radcliffe,0.9,radcliffe_88.txt,radcliffe,True
Daniel Radcliffe,0.9,radcliffe_891.txt,radcliffe,True
Daniel Radcliffe,0.9,radcliffe_933.txt,radcliffe,True
Daniel Radcliffe,0.9,radcliffe_947.txt,radcliffe,True
Leonardo DiCaprio,0.9,radcliffe_956.txt,radcliffe,False
Daniel Radcliffe,0.9,radcliffe_967.txt,radcliffe,True
Tom Cruise,0.9,radcliffe_977.txt,radcliffe,False
UNKNOWN,0.0,radcliffe_988.txt,radcliffe,False
J.K. Rowling,0.9,rowling_1014.txt,rowling,True
J.K. Rowling,0.9,rowling_1059.txt,rowling,True
J.K. Rowling,0.9,rowling_1063.txt,rowling,True
J.K. Rowling,0.9,rowling_1073.txt,rowling,True
J.K. Rowling,0.9,rowling_109.txt,rowling,True
J.K. Rowling,0.9,rowling_120.txt,rowling,True
J.K. Rowling,0.9,rowling_134.txt,rowling,True
J.K. Rowling,0.9,rowling_145.txt,rowling,True
UNKNOWN,0.0,rowling_18.txt,rowling,False
J.K. Rowling,0.9,rowling_180.txt,rowling,True
J.K. Rowling,0.9,rowling_218.txt,rowling,True
J.K. Rowling,0.9,rowling_229.txt,rowling,True
Lady Gaga,0.9,rowling_24.txt,rowling,False
J.K. Rowling,0.9,rowling_248.txt,rowling,True
J.K. Rowling,0.9,rowling_269.txt,rowling,True
J.K. Rowling,0.9,rowling_308.txt,rowling,True
J.K. Rowling,0.9,rowling_337.txt,rowling,True
Adele,0.9,rowling_34.txt,rowling,False
J.K. Rowling,0.9,rowling_364.txt,rowling,True
J.K. Rowling,0.9,rowling_419.txt,rowling,True
J.K. Rowling,0.9,rowling_448.txt,rowling,True
J.K. Rowling,0.9,rowling_464.txt,rowling,True
J.K. Rowling,0.9,rowling_470.txt,rowling,True
J.K. Rowling,0.9,rowling_482.txt,rowling,True
J.K. Rowling,0.9,rowling_509.txt,rowling,True
J.K. Rowling,0.9,rowling_517.txt,rowling,True
J.K. Rowling,0.9,rowling_545.txt,rowling,True
J.K. Rowling,0.9,rowling_554.txt,rowling,True
J.K. Rowling,0.9,rowling_564.txt,rowling,True
J.K. Rowling,0.9,rowling_579.txt,rowling,True
J.K. Rowling,0.9,rowling_588.txt,rowling,True
J.K. Rowling,0.9,rowling_594.txt,rowling,True
,,rowling_598.txt,rowling,False
J.K. Rowling,0.9,rowling_609.txt,rowling,True
J.K. Rowling,0.9,rowling_629.txt,rowling,True
Sam Smith,0.9,rowling_63.txt,rowling,False
J.K. Rowling,0.9,rowling_678.txt,rowling,True
Sam Smith,0.9,rowling_69.txt,rowling,False
J.K. Rowling,1.0,rowling_699.txt,rowling,True
J.K. Rowling,0.9,rowling_762.txt,rowling,True
J.K. Rowling,0.9,rowling_824.txt,rowling,True
J.K. Rowling,0.9,rowling_830.txt,rowling,True
J.K. Rowling,0.9,rowling_842.txt,rowling,True
J.K. Rowling,0.9,rowling_854.txt,rowling,True
J.K. Rowling,0.9,rowling_887.txt,rowling,True
J.K. Rowling,0.9,rowling_929.txt,rowling,True
J.K. Rowling,0.9,rowling_945.txt,rowling,True
Sam Smith,0.9,rowling_95.txt,rowling,False
Steven Spielberg,0.9,rowling_973.txt,rowling,False
J.K. Rowling,0.9,rowling_979.txt,rowling,True
Elton John,0.9,rowling_99.txt,rowling,False
Taylor Swift,0.9,sheeran_1037.txt,sheeran,False
Ed Sheeran,0.9,sheeran_1041.txt,sheeran,True
Ed Sheeran,0.9,sheeran_111.txt,sheeran,True
Ed Sheeran,0.9,sheeran_121.txt,sheeran,True
Ed Sheeran,0.9,sheeran_126.txt,sheeran,True
Ed Sheeran,0.9,sheeran_152.txt,sheeran,True
Justin Bieber,0.9,sheeran_182.txt,sheeran,False
Ed Sheeran,0.9,sheeran_186.txt,sheeran,True
Ed Sheeran,0.9,sheeran_191.txt,sheeran,True
Ed Sheeran,0.9,sheeran_196.txt,sheeran,True
Ed Sheeran,0.9,sheeran_207.txt,sheeran,True
Shawn Mendes,0.9,sheeran_212.txt,sheeran,False
Ed Sheeran,0.9,sheeran_231.txt,sheeran,True
Ed Sheeran,0.9,sheeran_256.txt,sheeran,True
UNKNOWN,0.0,sheeran_276.txt,sheeran,False
Ed Sheeran,0.9,sheeran_292.txt,sheeran,True
Ed Sheeran,0.9,sheeran_321.txt,sheeran,True
Ed Sheeran,0.9,sheeran_346.txt,sheeran,True
Ed Sheeran,0.9,sheeran_36.txt,sheeran,True
David Bowie,0.9,sheeran_411.txt,sheeran,False
Ed Sheeran,0.9,sheeran_427.txt,sheeran,True
Adele,0.9,sheeran_436.txt,sheeran,False
Ed Sheeran,0.9,sheeran_457.txt,sheeran,True
Ed Sheeran,0.9,sheeran_46.txt,sheeran,True
UNKNOWN,0.0,sheeran_462.txt,sheeran,False
,,sheeran_466.txt,sheeran,False
Ed Sheeran,0.9,sheeran_531.txt,sheeran,True
Bob Dylan,0.9,sheeran_536.txt,sheeran,False
Ed Sheeran,0.9,sheeran_546.txt,sheeran,True
Ed Sheeran,0.9,sheeran_556.txt,sheeran,True
Ed Sheeran,0.9,sheeran_581.txt,sheeran,True
Ed Sheeran,0.9,sheeran_586.txt,sheeran,True
Ed Sheeran,0.9,sheeran_622.txt,sheeran,True
Ed Sheeran,0.9,sheeran_626.txt,sheeran,True
UNKNOWN,0.0,sheeran_641.txt,sheeran,False
Ed Sheeran,0.9,sheeran_66.txt,sheeran,True
Ed Sheeran,0.9,sheeran_671.txt,sheeran,True
Ed Sheeran,0.9,sheeran_681.txt,sheeran,True
Ed Sheeran,0.9,sheeran_72.txt,sheeran,True
Taylor Swift,0.9,sheeran_732.txt,sheeran,False
Ed Sheeran,0.9,sheeran_736.txt,sheeran,True
Ed Sheeran,0.9,sheeran_752.txt,sheeran,True
Ed Sheeran,0.9,sheeran_761.txt,sheeran,True
Ed Sheeran,0.9,sheeran_767.txt,sheeran,True
Ed Sheeran,0.9,sheeran_781.txt,sheeran,True
UNKNOWN,0.0,sheeran_787.txt,sheeran,False
Ed Sheeran,0.9,sheeran_791.txt,sheeran,True
Ed Sheeran,0.9,sheeran_801.txt,sheeran,True
Ed Sheeran,0.9,sheeran_811.txt,sheeran,True
UNKNOWN,0.0,sheeran_817.txt,sheeran,False
Ed Sheeran,0.9,sheeran_826.txt,sheeran,True
Ed Sheeran,0.9,sheeran_841.txt,sheeran,True
Ed Sheeran,0.9,sheeran_862.txt,sheeran,True
Taylor Swift,0.9,sheeran_901.txt,sheeran,False
Ed Sheeran,0.95,sheeran_91.txt,sheeran,True
Ed Sheeran,0.9,sheeran_927.txt,sheeran,True
Ed Sheeran,0.9,sheeran_936.txt,sheeran,True
Ed Sheeran,0.9,sheeran_946.txt,sheeran,True
Taylor Swift,0.9,sheeran_976.txt,sheeran,False
Ed Sheeran,0.9,sheeran_982.txt,sheeran,True
Adele,0.9,smith_1004.txt,smith,False
Sam Smith,0.9,smith_1013.txt,smith,True
Ed Sheeran,0.9,smith_1023.txt,smith,False
Dua Lipa,0.9,smith_1027.txt,smith,False
Sam Smith,0.9,smith_1071.txt,smith,True
Adele,0.9,smith_1077.txt,smith,False
Sam Smith,0.9,smith_108.txt,smith,True
Billie Eilish,0.9,smith_118.txt,smith,False
Taylor Swift,0.9,smith_12.txt,smith,False
David Bowie,0.8,smith_133.txt,smith,False
Sam Smith,0.9,smith_143.txt,smith,True
UNKNOWN,0.0,smith_154.txt,smith,False
Sam Smith,0.9,smith_167.txt,smith,True
Sam Smith,0.95,smith_179.txt,smith,True
UNKNOWN,0.0,smith_183.txt,smith,False
Taylor Swift,0.9,smith_195.txt,smith,False
Sam Smith,0.9,smith_202.txt,smith,True
Sam Smith,0.9,smith_22.txt,smith,True
Sam Smith,0.9,smith_235.txt,smith,True
Adele,0.9,smith_289.txt,smith,False
Lady Gaga,0.9,smith_313.txt,smith,False
UNKNOWN,0.0,smith_388.txt,smith,False
Sam Smith,0.9,smith_39.txt,smith,True
Sam Smith,0.9,smith_412.txt,smith,True
Sam Smith,0.9,smith_418.txt,smith,True
Lady Gaga,0.9,smith_438.txt,smith,False
Sam Smith,0.9,smith_444.txt,smith,True
Lady Gaga,0.9,smith_453.txt,smith,False
Sam Smith,0.9,smith_473.txt,smith,True
Sam Smith,0.9,smith_499.txt,smith,True
Billy Porter,0.8,smith_527.txt,smith,False
Sam Smith,0.9,smith_544.txt,smith,True
Sam Smith,0.9,smith_553.txt,smith,True
Sam Smith,0.9,smith_578.txt,smith,True
Sam Smith,0.9,smith_583.txt,smith,True
Sam Smith,0.9,smith_592.txt,smith,True
Sam Smith,0.9,smith_604.txt,smith,True
Sam Smith,0.9,smith_611.txt,smith,True
Sam Smith,0.9,smith_639.txt,smith,True
Sam Smith,0.9,smith_646.txt,smith,True
Dua Lipa,0.9,smith_676.txt,smith,False
Sam Smith,0.9,smith_683.txt,smith,True
Sam Smith,0.9,smith_702.txt,smith,True
Sam Smith,0.9,smith_74.txt,smith,True
Celine Dion,0.9,smith_743.txt,smith,False
Taylor Swift,0.9,smith_778.txt,smith,False
Adele,0.9,smith_803.txt,smith,False
Sam Smith,0.9,smith_814.txt,smith,True
Sam Smith,0.9,smith_853.txt,smith,True
Harry Styles,0.8,smith_858.txt,smith,False
Sam Smith,0.9,smith_872.txt,smith,True
Sam Smith,0.9,smith_878.txt,smith,True
Sam Smith,0.9,smith_9.txt,smith,True
Sam Smith,0.9,smith_972.txt,smith,True
Mariah Carey,0.9,smith_985.txt,smith,False
Elton John,0.9,smith_998.txt,smith,False
Emma Watson,0.9,watson_1001.txt,watson,True
Emma Watson,0.9,watson_1006.txt,watson,True
Jennifer Lawrence,0.9,watson_1032.txt,watson,False
Emma Watson,0.9,watson_1042.txt,watson,True
Emma Watson,0.9,watson_1047.txt,watson,True
Emma Watson,0.9,watson_1061.txt,watson,True
Emma Watson,0.9,watson_127.txt,watson,True
UNKNOWN,0.5,watson_132.txt,watson,False
Emma Watson,0.9,watson_136.txt,watson,True
Emma Watson,0.9,watson_176.txt,watson,True
Emma Watson,0.9,watson_187.txt,watson,True
UNKNOWN,0.0,watson_192.txt,watson,False
Emma Watson,0.9,watson_232.txt,watson,True
Emma Watson,0.9,watson_247.txt,watson,True
Daniel Radcliffe,0.9,watson_251.txt,watson,False
Emma Watson,0.9,watson_257.txt,watson,True
Emma Watson,0.9,watson_301.txt,watson,True
Emma Watson,0.9,watson_311.txt,watson,True
Kate Middleton,0.8,watson_331.txt,watson,False
Emma Watson,0.9,watson_347.txt,watson,True
Emma Watson,0.9,watson_351.txt,watson,True
Emma Watson,0.9,watson_356.txt,watson,True
Emma Watson,0.9,watson_37.txt,watson,True
Emma Watson,0.9,watson_371.txt,watson,True
Emma Watson,0.9,watson_396.txt,watson,True
Emma Watson,0.9,watson_406.txt,watson,True
Emma Watson,0.9,watson_41.txt,watson,True
Emma Watson,0.9,watson_416.txt,watson,True
Emma Watson,0.9,watson_431.txt,watson,True
Emma Watson,0.9,watson_506.txt,watson,True
Emma Watson,0.9,watson_542.txt,watson,True
Emma Watson,0.9,watson_551.txt,watson,True
Emma Watson,0.9,watson_601.txt,watson,True
Emma Watson,0.8,watson_627.txt,watson,True
UNKNOWN,0.0,watson_652.txt,watson,False
Unknown,0.0,watson_666.txt,watson,False
Emma Watson,0.9,watson_686.txt,watson,True
Emma Watson,0.9,watson_696.txt,watson,True
Emma Watson,0.9,watson_7.txt,watson,True
Emma Watson,0.9,watson_706.txt,watson,True
Emma Watson,0.9,watson_721.txt,watson,True
Emma Watson,0.9,watson_733.txt,watson,True
Emma Watson,0.9,watson_746.txt,watson,True
UNKNOWN,0.0,watson_756.txt,watson,False
Emma Watson,0.9,watson_86.txt,watson,True
Daniel Radcliffe,0.9,watson_866.txt,watson,False
Emma Watson,0.9,watson_882.txt,watson,True
Emma Watson,0.9,watson_896.txt,watson,True
Emma Watson,0.9,watson_906.txt,watson,True
Emma Watson,0.9,watson_916.txt,watson,True
Angelina Jolie,0.9,watson_921.txt,watson,False
Emma Watson,0.9,watson_931.txt,watson,True
Daniel Radcliffe,0.8,watson_937.txt,watson,False
Emma Watson,0.9,watson_942.txt,watson,True
