item_base,name
d_3_1,enoch lincoln
d_3_1,enoch lincoln
d_3_1,enoch lincoln
d_3_1,enoch lincoln
d_3_1,enoch lincoln
d_3_1,enoch lincoln
d_3_1,enoch lincoln
d_3_1,enoch lincoln
d_3_1,enoch lincoln
d_3_1,enoch lincoln
d_3_1,enoch lincoln
d_3_1,enoch lincoln
d_3_1,enoch lincoln
d_3_1,enoch lincoln
d_3_1,enoch lincoln
d_3_1,enoch lincoln
d_3_1,enoch lincoln
d_3_1,enoch lincoln
d_3_1,enoch lincoln
d_3_1,enoch lincoln
d_3_1,enoch lincoln
d_3_1,enoch lincoln
d_3_1,enoch lincoln
d_3_1,enoch lincoln
d_3_1,enoch lincoln
d_3_1,enoch lincoln
d_3_1,enoch lincoln
d_3_1,enoch lincoln
d_3_1,enoch lincoln
d_3_1,enoch lincoln
d_3_1,enoch lincoln
d_3_1,enoch lincoln
d_3_1,enoch lincoln
d_3_1,enoch lincoln
d_3_1,enoch lincoln
d_3_1,enoch lincoln
d_3_1,enoch lincoln
d_3_1,enoch lincoln
d_3_1,enoch lincoln
d_3_1,enoch lincoln
d_3_1,enoch lincoln
d_3_1,enoch lincoln
d_3_1,enoch lincoln
d_3_1,enoch lincoln
d_3_1,enoch lincoln
d_3_1,enoch lincoln
d_3_1,enoch lincoln
d_3_1,enoch lincoln
d_3_1,enoch lincoln
d_3_1,enoch lincoln
d_3_1,enoch lincoln
d_3_1,enoch lincoln
d_3_1,enoch lincoln
d_3_1,enoch lincoln
d_3_1,enoch lincoln
d_3_1,enoch lincoln
d_3_1,enoch lincoln
d_3_1,enoch lincoln
d_3_1,enoch lincoln
d_3_1,enoch lincoln
d_3_1,enoch lincoln
d_3_1,enoch lincoln
d_3_1,enoch lincoln
d_3_1,enoch lincoln
d_3_1,enoch lincoln
d_3_1,enoch lincoln
d_3_1,enoch lincoln
d_3_1,enoch lincoln
d_3_1,enoch lincoln
d_3_1,enoch lincoln
d_3_1,enoch lincoln
d_3_1,enoch lincoln
d_3_1,enoch lincoln
d_3_1,enoch lincoln
d_3_1,enoch lincoln
d_3_1,enoch lincoln
d_3_1,enoch lincoln
d_3_1,enoch lincoln
d_3_1,enoch lincoln
d_3_1,enoch lincoln
d_3_1,enoch lincoln
d_3_1,enoch lincoln
d_3_1,enoch lincoln
d_3_1,enoch lincoln
d_3_1,enoch lincoln
d_3_1,enoch lincoln
d_3_1,enoch lincoln
d_3_1,enoch lincoln
d_3_1,enoch lincoln
d_3_1,enoch lincoln
d_3_1,enoch lincoln
d_3_1,enoch lincoln
d_3_1,enoch lincoln
d_3_1,enoch lincoln
d_3_1,enoch lincoln
d_3_1,enoch lincoln
d_3_1,enoch lincoln
d_3_1,enoch lincoln
d_3_1,enoch lincoln
d_3_1,enoch lincoln
d_3_1,enoch lincoln
d_3_1,enoch lincoln
d_3_1,enoch lincoln
d_3_1,enoch lincoln
d_3_1,enoch lincoln
d_3_1,enoch lincoln
d_3_1,enoch lincoln
d_3_1,enoch lincoln
d_3_1,enoch lincoln
d_3_1,enoch lincoln
d_3_1,enoch lincoln
d_3_1,enoch lincoln
d_3_1,enoch lincoln
d_3_1,enoch lincoln
d_3_1,enoch lincoln
d_3_1,enoch lincoln
d_3_1,enoch lincoln
d_3_1,enoch lincoln
d_3_1,enoch lincoln
d_3_1,enoch lincoln
d_3_1,enoch lincoln
d_3_1,enoch lincoln
d_3_1,enoch lincoln
d_3_1,enoch lincoln
d_3_1,enoch lincoln
d_3_1,enoch lincoln
d_3_1,enoch lincoln
d_3_1,enoch lincoln
d_3_1,enoch lincoln
d_3_10,irvin brooks
d_3_10,irvin brooks
d_3_10,irvin brooks
d_3_10,irvin brooks
d_3_10,irvin brooks
d_3_10,irvin brooks
d_3_10,irvin brooks
d_3_10,irvin brooks
d_3_10,irvin brooks
d_3_10,irvin brooks
d_3_10,irvin brooks
d_3_10,irvin brooks
d_3_10,irvin brooks
d_3_10,irvin brooks
d_3_10,irvin brooks
d_3_10,irvin brooks
d_3_10,irvin brooks
d_3_10,irvin brooks
d_3_10,irvin brooks
d_3_10,irvin brooks
d_3_10,irvin brooks
d_3_10,irvin brooks
d_3_10,irvin brooks
d_3_10,irvin brooks
d_3_10,irvin brooks
d_3_10,irvin brooks
d_3_10,irvin brooks
d_3_10,irvin brooks
d_3_10,irvin brooks
d_3_10,irvin brooks
d_3_10,irvin brooks
d_3_10,irvin brooks
d_3_10,irvin brooks
d_3_10,irvin brooks
d_3_10,irvin brooks
d_3_10,irvin brooks
d_3_10,irvin brooks
d_3_10,irvin brooks
d_3_10,irvin brooks
d_3_10,irvin brooks
d_3_10,irvin brooks
d_3_10,irvin brooks
d_3_10,irvin brooks
d_3_10,irvin brooks
d_3_10,irvin brooks
d_3_10,irvin brooks
d_3_10,irvin brooks
d_3_10,irvin brooks
d_3_10,irvin brooks
d_3_10,irvin brooks
d_3_10,irvin brooks
d_3_10,irvin brooks
d_3_10,irvin brooks
d_3_10,irvin brooks
d_3_10,irvin brooks
d_3_10,irvin brooks
d_3_10,irvin brooks
d_3_10,irvin brooks
d_3_10,irvin brooks
d_3_10,irvin brooks
d_3_10,irvin brooks
d_3_10,irvin brooks
d_3_10,irvin brooks
d_3_10,irvin brooks
d_3_10,irvin brooks
d_3_10,irvin brooks
d_3_10,irvin brooks
d_3_10,irvin brooks
d_3_10,irvin brooks
d_3_10,irvin brooks
d_3_10,irvin brooks
d_3_10,irvin brooks
d_3_10,irvin brooks
d_3_10,irvin brooks
d_3_10,irvin brooks
d_3_10,irvin brooks
d_3_10,irvin brooks
d_3_10,irvin brooks
d_3_10,irvin brooks
d_3_10,irvin brooks
d_3_10,irvin brooks
d_3_10,irvin brooks
d_3_10,irvin brooks
d_3_10,irvin brooks
d_3_10,irvin brooks
d_3_10,irvin brooks
d_3_10,irvin brooks
d_3_10,irvin brooks
d_3_10,irvin brooks
d_3_10,irvin brooks
d_3_10,irvin brooks
d_3_10,irvin brooks
d_3_10,irvin brooks
d_3_10,irvin brooks
d_3_10,irvin brooks
d_3_10,irvin brooks
d_3_10,irvin brooks
d_3_10,irvin brooks
d_3_10,irvin brooks
d_3_10,irvin brooks
d_3_10,irvin brooks
d_3_10,irvin brooks
d_3_10,irvin brooks
d_3_10,irvin brooks
d_3_10,irvin brooks
d_3_10,irvin brooks
d_3_10,irvin brooks
d_3_10,irvin brooks
d_3_10,irvin brooks
d_3_10,irvin brooks
d_3_10,irvin brooks
d_3_10,irvin brooks
d_3_10,irvin brooks
d_3_10,irvin brooks
d_3_10,irvin brooks
d_3_10,irvin brooks
d_3_10,irvin brooks
d_3_10,irvin brooks
d_3_10,irvin brooks
d_3_10,irvin brooks
d_3_10,irvin brooks
d_3_10,irvin brooks
d_3_10,irvin brooks
d_3_10,irvin brooks
d_3_10,irvin brooks
d_3_10,irvin brooks
d_3_10,irvin brooks
d_3_10,irvin brooks
d_3_2,william bettendorf
d_3_2,william bettendorf
d_3_2,william bettendorf
d_3_2,william bettendorf
d_3_2,william bettendorf
d_3_2,william bettendorf
d_3_2,william bettendorf
d_3_2,william bettendorf
d_3_2,william bettendorf
d_3_2,william bettendorf
d_3_2,william bettendorf
d_3_2,william bettendorf
d_3_2,william bettendorf
d_3_2,william bettendorf
d_3_2,william bettendorf
d_3_2,william bettendorf
d_3_2,william bettendorf
d_3_2,william bettendorf
d_3_2,william bettendorf
d_3_2,william bettendorf
d_3_2,william bettendorf
d_3_2,william bettendorf
d_3_2,william bettendorf
d_3_2,william bettendorf
d_3_2,william bettendorf
d_3_2,william bettendorf
d_3_2,william bettendorf
d_3_2,william bettendorf
d_3_2,william bettendorf
d_3_2,william bettendorf
d_3_2,william bettendorf
d_3_2,william bettendorf
d_3_2,william bettendorf
d_3_2,william bettendorf
d_3_2,william bettendorf
d_3_2,william bettendorf
d_3_2,william bettendorf
d_3_2,william bettendorf
d_3_2,william bettendorf
d_3_2,william bettendorf
d_3_2,william bettendorf
d_3_2,william bettendorf
d_3_2,william bettendorf
d_3_2,william bettendorf
d_3_2,william bettendorf
d_3_2,william bettendorf
d_3_2,william bettendorf
d_3_2,william bettendorf
d_3_2,william bettendorf
d_3_2,william bettendorf
d_3_2,william bettendorf
d_3_2,william bettendorf
d_3_2,william bettendorf
d_3_2,william bettendorf
d_3_2,william bettendorf
d_3_2,william bettendorf
d_3_2,william bettendorf
d_3_2,william bettendorf
d_3_2,william bettendorf
d_3_2,william bettendorf
d_3_2,william bettendorf
d_3_2,william bettendorf
d_3_2,william bettendorf
d_3_2,william bettendorf
d_3_2,william bettendorf
d_3_2,william bettendorf
d_3_2,william bettendorf
d_3_2,william bettendorf
d_3_2,william bettendorf
d_3_2,william bettendorf
d_3_2,william bettendorf
d_3_2,william bettendorf
d_3_2,william bettendorf
d_3_2,william bettendorf
d_3_2,william bettendorf
d_3_2,william bettendorf
d_3_2,william bettendorf
d_3_2,william bettendorf
d_3_2,william bettendorf
d_3_2,william bettendorf
d_3_2,william bettendorf
d_3_2,william bettendorf
d_3_2,william bettendorf
d_3_2,william bettendorf
d_3_2,william bettendorf
d_3_2,william bettendorf
d_3_2,william bettendorf
d_3_2,william bettendorf
d_3_2,william bettendorf
d_3_2,william bettendorf
d_3_2,william bettendorf
d_3_2,william bettendorf
d_3_2,william bettendorf
d_3_2,william bettendorf
d_3_2,william bettendorf
d_3_2,william bettendorf
d_3_2,william bettendorf
d_3_2,william bettendorf
d_3_2,william bettendorf
d_3_2,william bettendorf
d_3_2,william bettendorf
d_3_2,william bettendorf
d_3_2,william bettendorf
d_3_2,william bettendorf
d_3_2,william bettendorf
d_3_2,william bettendorf
d_3_2,william bettendorf
d_3_2,william bettendorf
d_3_2,william bettendorf
d_3_2,william bettendorf
d_3_2,william bettendorf
d_3_2,william bettendorf
d_3_2,william bettendorf
d_3_2,william bettendorf
d_3_2,william bettendorf
d_3_2,william bettendorf
d_3_2,william bettendorf
d_3_2,william bettendorf
d_3_2,william bettendorf
d_3_2,william bettendorf
d_3_2,william bettendorf
d_3_2,william bettendorf
d_3_3,yassine el ghanassy
d_3_3,yassine el ghanassy
d_3_3,yassine el ghanassy
d_3_3,yassine el ghanassy
d_3_3,yassine el ghanassy
d_3_3,yassine el ghanassy
d_3_3,yassine el ghanassy
d_3_3,yassine el ghanassy
d_3_3,yassine el ghanassy
d_3_3,yassine el ghanassy
d_3_3,yassine el ghanassy
d_3_3,yassine el ghanassy
d_3_3,yassine el ghanassy
d_3_3,yassine el ghanassy
d_3_3,yassine el ghanassy
d_3_3,yassine el ghanassy
d_3_3,yassine el ghanassy
d_3_3,yassine el ghanassy
d_3_3,yassine el ghanassy
d_3_3,yassine el ghanassy
d_3_3,yassine el ghanassy
d_3_3,yassine el ghanassy
d_3_3,yassine el ghanassy
d_3_3,yassine el ghanassy
d_3_3,yassine el ghanassy
d_3_3,yassine el ghanassy
d_3_3,yassine el ghanassy
d_3_3,yassine el ghanassy
d_3_3,yassine el ghanassy
d_3_3,yassine el ghanassy
d_3_3,yassine el ghanassy
d_3_3,yassine el ghanassy
d_3_3,yassine el ghanassy
d_3_3,yassine el ghanassy
d_3_3,yassine el ghanassy
d_3_3,yassine el ghanassy
d_3_3,yassine el ghanassy
d_3_3,yassine el ghanassy
d_3_3,yassine el ghanassy
d_3_3,yassine el ghanassy
d_3_3,yassine el ghanassy
d_3_3,yassine el ghanassy
d_3_3,yassine el ghanassy
d_3_3,yassine el ghanassy
d_3_3,yassine el ghanassy
d_3_3,yassine el ghanassy
d_3_3,yassine el ghanassy
d_3_3,yassine el ghanassy
d_3_3,yassine el ghanassy
d_3_3,yassine el ghanassy
d_3_3,yassine el ghanassy
d_3_3,yassine el ghanassy
d_3_3,yassine el ghanassy
d_3_3,yassine el ghanassy
d_3_3,yassine el ghanassy
d_3_3,yassine el ghanassy
d_3_3,yassine el ghanassy
d_3_3,yassine el ghanassy
d_3_3,yassine el ghanassy
d_3_3,yassine el ghanassy
d_3_3,yassine el ghanassy
d_3_3,yassine el ghanassy
d_3_3,yassine el ghanassy
d_3_3,yassine el ghanassy
d_3_3,yassine el ghanassy
d_3_3,yassine el ghanassy
d_3_3,yassine el ghanassy
d_3_3,yassine el ghanassy
d_3_3,yassine el ghanassy
d_3_3,yassine el ghanassy
d_3_3,yassine el ghanassy
d_3_3,yassine el ghanassy
d_3_3,yassine el ghanassy
d_3_3,yassine el ghanassy
d_3_3,yassine el ghanassy
d_3_3,yassine el ghanassy
d_3_3,yassine el ghanassy
d_3_3,yassine el ghanassy
d_3_3,yassine el ghanassy
d_3_3,yassine el ghanassy
d_3_3,yassine el ghanassy
d_3_3,yassine el ghanassy
d_3_3,yassine el ghanassy
d_3_3,yassine el ghanassy
d_3_3,yassine el ghanassy
d_3_3,yassine el ghanassy
d_3_3,yassine el ghanassy
d_3_3,yassine el ghanassy
d_3_3,yassine el ghanassy
d_3_3,yassine el ghanassy
d_3_3,yassine el ghanassy
d_3_3,yassine el ghanassy
d_3_3,yassine el ghanassy
d_3_3,yassine el ghanassy
d_3_3,yassine el ghanassy
d_3_3,yassine el ghanassy
d_3_3,yassine el ghanassy
d_3_3,yassine el ghanassy
d_3_3,yassine el ghanassy
d_3_3,yassine el ghanassy
d_3_3,yassine el ghanassy
d_3_3,yassine el ghanassy
d_3_3,yassine el ghanassy
d_3_3,yassine el ghanassy
d_3_3,yassine el ghanassy
d_3_3,yassine el ghanassy
d_3_3,yassine el ghanassy
d_3_3,yassine el ghanassy
d_3_3,yassine el ghanassy
d_3_3,yassine el ghanassy
d_3_3,yassine el ghanassy
d_3_3,yassine el ghanassy
d_3_3,yassine el ghanassy
d_3_3,yassine el ghanassy
d_3_3,yassine el ghanassy
d_3_3,yassine el ghanassy
d_3_3,yassine el ghanassy
d_3_3,yassine el ghanassy
d_3_3,yassine el ghanassy
d_3_3,yassine el ghanassy
d_3_3,yassine el ghanassy
d_3_3,yassine el ghanassy
d_3_3,yassine el ghanassy
d_3_3,yassine el ghanassy
d_3_3,yassine el ghanassy
d_3_3,yassine el ghanassy
d_3_3,yassine el ghanassy
d_3_3,yassine el ghanassy
d_3_3,yassine el ghanassy
d_3_3,yassine el ghanassy
d_3_3,yassine el ghanassy
d_3_3,yassine el ghanassy
d_3_3,yassine el ghanassy
d_3_4,clyde fernandes
d_3_4,clyde fernandes
d_3_4,clyde fernandes
d_3_4,clyde fernandes
d_3_4,clyde fernandes
d_3_4,clyde fernandes
d_3_4,clyde fernandes
d_3_4,clyde fernandes
d_3_4,clyde fernandes
d_3_4,clyde fernandes
d_3_4,clyde fernandes
d_3_4,clyde fernandes
d_3_4,clyde fernandes
d_3_4,clyde fernandes
d_3_4,clyde fernandes
d_3_4,clyde fernandes
d_3_4,clyde fernandes
d_3_4,clyde fernandes
d_3_4,clyde fernandes
d_3_4,clyde fernandes
d_3_4,clyde fernandes
d_3_4,clyde fernandes
d_3_4,clyde fernandes
d_3_4,clyde fernandes
d_3_4,clyde fernandes
d_3_4,clyde fernandes
d_3_4,clyde fernandes
d_3_4,clyde fernandes
d_3_4,clyde fernandes
d_3_4,clyde fernandes
d_3_4,clyde fernandes
d_3_4,clyde fernandes
d_3_4,clyde fernandes
d_3_4,clyde fernandes
d_3_4,clyde fernandes
d_3_4,clyde fernandes
d_3_4,clyde fernandes
d_3_4,clyde fernandes
d_3_4,clyde fernandes
d_3_4,clyde fernandes
d_3_4,clyde fernandes
d_3_4,clyde fernandes
d_3_4,clyde fernandes
d_3_4,clyde fernandes
d_3_4,clyde fernandes
d_3_4,clyde fernandes
d_3_4,clyde fernandes
d_3_4,clyde fernandes
d_3_4,clyde fernandes
d_3_4,clyde fernandes
d_3_4,clyde fernandes
d_3_4,clyde fernandes
d_3_4,clyde fernandes
d_3_4,clyde fernandes
d_3_4,clyde fernandes
d_3_4,clyde fernandes
d_3_4,clyde fernandes
d_3_4,clyde fernandes
d_3_4,clyde fernandes
d_3_4,clyde fernandes
d_3_4,clyde fernandes
d_3_4,clyde fernandes
d_3_4,clyde fernandes
d_3_4,clyde fernandes
d_3_4,clyde fernandes
d_3_4,clyde fernandes
d_3_4,clyde fernandes
d_3_4,clyde fernandes
d_3_4,clyde fernandes
d_3_4,clyde fernandes
d_3_4,clyde fernandes
d_3_4,clyde fernandes
d_3_4,clyde fernandes
d_3_4,clyde fernandes
d_3_4,clyde fernandes
d_3_4,clyde fernandes
d_3_4,clyde fernandes
d_3_4,clyde fernandes
d_3_4,clyde fernandes
d_3_4,clyde fernandes
d_3_4,clyde fernandes
d_3_4,clyde fernandes
d_3_4,clyde fernandes
d_3_4,clyde fernandes
d_3_4,clyde fernandes
d_3_4,clyde fernandes
d_3_4,clyde fernandes
d_3_4,clyde fernandes
d_3_4,clyde fernandes
d_3_4,clyde fernandes
d_3_4,clyde fernandes
d_3_4,clyde fernandes
d_3_4,clyde fernandes
d_3_4,clyde fernandes
d_3_4,clyde fernandes
d_3_4,clyde fernandes
d_3_4,clyde fernandes
d_3_4,clyde fernandes
d_3_4,clyde fernandes
d_3_4,clyde fernandes
d_3_4,clyde fernandes
d_3_4,clyde fernandes
d_3_4,clyde fernandes
d_3_4,clyde fernandes
d_3_4,clyde fernandes
d_3_4,clyde fernandes
d_3_4,clyde fernandes
d_3_4,clyde fernandes
d_3_4,clyde fernandes
d_3_4,clyde fernandes
d_3_4,clyde fernandes
d_3_4,clyde fernandes
d_3_4,clyde fernandes
d_3_4,clyde fernandes
d_3_4,clyde fernandes
d_3_4,clyde fernandes
d_3_4,clyde fernandes
d_3_4,clyde fernandes
d_3_4,clyde fernandes
d_3_4,clyde fernandes
d_3_4,clyde fernandes
d_3_4,clyde fernandes
d_3_4,clyde fernandes
d_3_4,clyde fernandes
d_3_4,clyde fernandes
d_3_4,clyde fernandes
d_3_4,clyde fernandes
d_3_5,kenny kramm
d_3_5,kenny kramm
d_3_5,kenny kramm
d_3_5,kenny kramm
d_3_5,kenny kramm
d_3_5,kenny kramm
d_3_5,kenny kramm
d_3_5,kenny kramm
d_3_5,kenny kramm
d_3_5,kenny kramm
d_3_5,kenny kramm
d_3_5,kenny kramm
d_3_5,kenny kramm
d_3_5,kenny kramm
d_3_5,kenny kramm
d_3_5,kenny kramm
d_3_5,kenny kramm
d_3_5,kenny kramm
d_3_5,kenny kramm
d_3_5,kenny kramm
d_3_5,kenny kramm
d_3_5,kenny kramm
d_3_5,kenny kramm
d_3_5,kenny kramm
d_3_5,kenny kramm
d_3_5,kenny kramm
d_3_5,kenny kramm
d_3_5,kenny kramm
d_3_5,kenny kramm
d_3_5,kenny kramm
d_3_5,kenny kramm
d_3_5,kenny kramm
d_3_5,kenny kramm
d_3_5,kenny kramm
d_3_5,kenny kramm
d_3_5,kenny kramm
d_3_5,kenny kramm
d_3_5,kenny kramm
d_3_5,kenny kramm
d_3_5,kenny kramm
d_3_5,kenny kramm
d_3_5,kenny kramm
d_3_5,kenny kramm
d_3_5,kenny kramm
d_3_5,kenny kramm
d_3_5,kenny kramm
d_3_5,kenny kramm
d_3_5,kenny kramm
d_3_5,kenny kramm
d_3_5,kenny kramm
d_3_5,kenny kramm
d_3_5,kenny kramm
d_3_5,kenny kramm
d_3_5,kenny kramm
d_3_5,kenny kramm
d_3_5,kenny kramm
d_3_5,kenny kramm
d_3_5,kenny kramm
d_3_5,kenny kramm
d_3_5,kenny kramm
d_3_5,kenny kramm
d_3_5,kenny kramm
d_3_5,kenny kramm
d_3_5,kenny kramm
d_3_5,kenny kramm
d_3_5,kenny kramm
d_3_5,kenny kramm
d_3_5,kenny kramm
d_3_5,kenny kramm
d_3_5,kenny kramm
d_3_5,kenny kramm
d_3_5,kenny kramm
d_3_5,kenny kramm
d_3_5,kenny kramm
d_3_5,kenny kramm
d_3_5,kenny kramm
d_3_5,kenny kramm
d_3_5,kenny kramm
d_3_5,kenny kramm
d_3_5,kenny kramm
d_3_5,kenny kramm
d_3_5,kenny kramm
d_3_5,kenny kramm
d_3_5,kenny kramm
d_3_5,kenny kramm
d_3_5,kenny kramm
d_3_5,kenny kramm
d_3_5,kenny kramm
d_3_5,kenny kramm
d_3_5,kenny kramm
d_3_5,kenny kramm
d_3_5,kenny kramm
d_3_5,kenny kramm
d_3_5,kenny kramm
d_3_5,kenny kramm
d_3_5,kenny kramm
d_3_5,kenny kramm
d_3_5,kenny kramm
d_3_5,kenny kramm
d_3_5,kenny kramm
d_3_5,kenny kramm
d_3_5,kenny kramm
d_3_5,kenny kramm
d_3_5,kenny kramm
d_3_5,kenny kramm
d_3_5,kenny kramm
d_3_5,kenny kramm
d_3_5,kenny kramm
d_3_5,kenny kramm
d_3_5,kenny kramm
d_3_5,kenny kramm
d_3_5,kenny kramm
d_3_5,kenny kramm
d_3_5,kenny kramm
d_3_5,kenny kramm
d_3_6,malcolm dustan
d_3_6,malcolm dustan
d_3_6,malcolm dustan
d_3_6,malcolm dustan
d_3_6,malcolm dustan
d_3_6,malcolm dustan
d_3_6,malcolm dustan
d_3_6,malcolm dustan
d_3_6,malcolm dustan
d_3_6,malcolm dustan
d_3_6,malcolm dustan
d_3_6,malcolm dustan
d_3_6,malcolm dustan
d_3_6,malcolm dustan
d_3_6,malcolm dustan
d_3_6,malcolm dustan
d_3_6,malcolm dustan
d_3_6,malcolm dustan
d_3_6,malcolm dustan
d_3_6,malcolm dustan
d_3_6,malcolm dustan
d_3_6,malcolm dustan
d_3_6,malcolm dustan
d_3_6,malcolm dustan
d_3_6,malcolm dustan
d_3_6,malcolm dustan
d_3_6,malcolm dustan
d_3_6,malcolm dustan
d_3_6,malcolm dustan
d_3_6,malcolm dustan
d_3_6,malcolm dustan
d_3_6,malcolm dustan
d_3_6,malcolm dustan
d_3_6,malcolm dustan
d_3_6,malcolm dustan
d_3_6,malcolm dustan
d_3_6,malcolm dustan
d_3_6,malcolm dustan
d_3_6,malcolm dustan
d_3_6,malcolm dustan
d_3_6,malcolm dustan
d_3_6,malcolm dustan
d_3_6,malcolm dustan
d_3_6,malcolm dustan
d_3_6,malcolm dustan
d_3_6,malcolm dustan
d_3_6,malcolm dustan
d_3_6,malcolm dustan
d_3_6,malcolm dustan
d_3_6,malcolm dustan
d_3_6,malcolm dustan
d_3_6,malcolm dustan
d_3_6,malcolm dustan
d_3_6,malcolm dustan
d_3_6,malcolm dustan
d_3_6,malcolm dustan
d_3_6,malcolm dustan
d_3_6,malcolm dustan
d_3_6,malcolm dustan
d_3_6,malcolm dustan
d_3_6,malcolm dustan
d_3_6,malcolm dustan
d_3_6,malcolm dustan
d_3_6,malcolm dustan
d_3_6,malcolm dustan
d_3_6,malcolm dustan
d_3_6,malcolm dustan
d_3_6,malcolm dustan
d_3_6,malcolm dustan
d_3_6,malcolm dustan
d_3_6,malcolm dustan
d_3_6,malcolm dustan
d_3_6,malcolm dustan
d_3_6,malcolm dustan
d_3_6,malcolm dustan
d_3_6,malcolm dustan
d_3_6,malcolm dustan
d_3_6,malcolm dustan
d_3_6,malcolm dustan
d_3_6,malcolm dustan
d_3_6,malcolm dustan
d_3_6,malcolm dustan
d_3_6,malcolm dustan
d_3_6,malcolm dustan
d_3_6,malcolm dustan
d_3_6,malcolm dustan
d_3_6,malcolm dustan
d_3_6,malcolm dustan
d_3_6,malcolm dustan
d_3_6,malcolm dustan
d_3_6,malcolm dustan
d_3_6,malcolm dustan
d_3_6,malcolm dustan
d_3_6,malcolm dustan
d_3_6,malcolm dustan
d_3_6,malcolm dustan
d_3_6,malcolm dustan
d_3_6,malcolm dustan
d_3_6,malcolm dustan
d_3_6,malcolm dustan
d_3_6,malcolm dustan
d_3_6,malcolm dustan
d_3_6,malcolm dustan
d_3_6,malcolm dustan
d_3_6,malcolm dustan
d_3_6,malcolm dustan
d_3_6,malcolm dustan
d_3_6,malcolm dustan
d_3_6,malcolm dustan
d_3_6,malcolm dustan
d_3_6,malcolm dustan
d_3_6,malcolm dustan
d_3_6,malcolm dustan
d_3_6,malcolm dustan
d_3_6,malcolm dustan
d_3_6,malcolm dustan
d_3_6,malcolm dustan
d_3_6,malcolm dustan
d_3_6,malcolm dustan
d_3_7,charles black
d_3_7,charles black
d_3_7,charles black
d_3_7,charles black
d_3_7,charles black
d_3_7,charles black
d_3_7,charles black
d_3_7,charles black
d_3_7,charles black
d_3_7,charles black
d_3_7,charles black
d_3_7,charles black
d_3_7,charles black
d_3_7,charles black
d_3_7,charles black
d_3_7,charles black
d_3_7,charles black
d_3_7,charles black
d_3_7,charles black
d_3_7,charles black
d_3_7,charles black
d_3_7,charles black
d_3_7,charles black
d_3_7,charles black
d_3_7,charles black
d_3_7,charles black
d_3_7,charles black
d_3_7,charles black
d_3_7,charles black
d_3_7,charles black
d_3_7,charles black
d_3_7,charles black
d_3_7,charles black
d_3_7,charles black
d_3_7,charles black
d_3_7,charles black
d_3_7,charles black
d_3_7,charles black
d_3_7,charles black
d_3_7,charles black
d_3_7,charles black
d_3_7,charles black
d_3_7,charles black
d_3_7,charles black
d_3_7,charles black
d_3_7,charles black
d_3_7,charles black
d_3_7,charles black
d_3_7,charles black
d_3_7,charles black
d_3_7,charles black
d_3_7,charles black
d_3_7,charles black
d_3_7,charles black
d_3_7,charles black
d_3_7,charles black
d_3_7,charles black
d_3_7,charles black
d_3_7,charles black
d_3_7,charles black
d_3_7,charles black
d_3_7,charles black
d_3_7,charles black
d_3_7,charles black
d_3_7,charles black
d_3_7,charles black
d_3_7,charles black
d_3_7,charles black
d_3_7,charles black
d_3_7,charles black
d_3_7,charles black
d_3_7,charles black
d_3_7,charles black
d_3_7,charles black
d_3_7,charles black
d_3_7,charles black
d_3_7,charles black
d_3_7,charles black
d_3_7,charles black
d_3_7,charles black
d_3_7,charles black
d_3_7,charles black
d_3_7,charles black
d_3_7,charles black
d_3_7,charles black
d_3_7,charles black
d_3_7,charles black
d_3_7,charles black
d_3_7,charles black
d_3_7,charles black
d_3_7,charles black
d_3_7,charles black
d_3_7,charles black
d_3_7,charles black
d_3_7,charles black
d_3_7,charles black
d_3_7,charles black
d_3_7,charles black
d_3_7,charles black
d_3_7,charles black
d_3_7,charles black
d_3_7,charles black
d_3_7,charles black
d_3_7,charles black
d_3_7,charles black
d_3_7,charles black
d_3_7,charles black
d_3_7,charles black
d_3_7,charles black
d_3_7,charles black
d_3_7,charles black
d_3_7,charles black
d_3_7,charles black
d_3_7,charles black
d_3_7,charles black
d_3_7,charles black
d_3_7,charles black
d_3_7,charles black
d_3_7,charles black
d_3_7,charles black
d_3_7,charles black
d_3_7,charles black
d_3_7,charles black
d_3_8,aleksandr gryazin
d_3_8,aleksandr gryazin
d_3_8,aleksandr gryazin
d_3_8,aleksandr gryazin
d_3_8,aleksandr gryazin
d_3_8,aleksandr gryazin
d_3_8,aleksandr gryazin
d_3_8,aleksandr gryazin
d_3_8,aleksandr gryazin
d_3_8,aleksandr gryazin
d_3_8,aleksandr gryazin
d_3_8,aleksandr gryazin
d_3_8,aleksandr gryazin
d_3_8,aleksandr gryazin
d_3_8,aleksandr gryazin
d_3_8,aleksandr gryazin
d_3_8,aleksandr gryazin
d_3_8,aleksandr gryazin
d_3_8,aleksandr gryazin
d_3_8,aleksandr gryazin
d_3_8,aleksandr gryazin
d_3_8,aleksandr gryazin
d_3_8,aleksandr gryazin
d_3_8,aleksandr gryazin
d_3_8,aleksandr gryazin
d_3_8,aleksandr gryazin
d_3_8,aleksandr gryazin
d_3_8,aleksandr gryazin
d_3_8,aleksandr gryazin
d_3_8,aleksandr gryazin
d_3_8,aleksandr gryazin
d_3_8,aleksandr gryazin
d_3_8,aleksandr gryazin
d_3_8,aleksandr gryazin
d_3_8,aleksandr gryazin
d_3_8,aleksandr gryazin
d_3_8,aleksandr gryazin
d_3_8,aleksandr gryazin
d_3_8,aleksandr gryazin
d_3_8,aleksandr gryazin
d_3_8,aleksandr gryazin
d_3_8,aleksandr gryazin
d_3_8,aleksandr gryazin
d_3_8,aleksandr gryazin
d_3_8,aleksandr gryazin
d_3_8,aleksandr gryazin
d_3_8,aleksandr gryazin
d_3_8,aleksandr gryazin
d_3_8,aleksandr gryazin
d_3_8,aleksandr gryazin
d_3_8,aleksandr gryazin
d_3_8,aleksandr gryazin
d_3_8,aleksandr gryazin
d_3_8,aleksandr gryazin
d_3_8,aleksandr gryazin
d_3_8,aleksandr gryazin
d_3_8,aleksandr gryazin
d_3_8,aleksandr gryazin
d_3_8,aleksandr gryazin
d_3_8,aleksandr gryazin
d_3_8,aleksandr gryazin
d_3_8,aleksandr gryazin
d_3_8,aleksandr gryazin
d_3_8,aleksandr gryazin
d_3_8,aleksandr gryazin
d_3_8,aleksandr gryazin
d_3_8,aleksandr gryazin
d_3_8,aleksandr gryazin
d_3_8,aleksandr gryazin
d_3_8,aleksandr gryazin
d_3_8,aleksandr gryazin
d_3_8,aleksandr gryazin
d_3_8,aleksandr gryazin
d_3_8,aleksandr gryazin
d_3_8,aleksandr gryazin
d_3_8,aleksandr gryazin
d_3_8,aleksandr gryazin
d_3_8,aleksandr gryazin
d_3_8,aleksandr gryazin
d_3_8,aleksandr gryazin
d_3_8,aleksandr gryazin
d_3_8,aleksandr gryazin
d_3_8,aleksandr gryazin
d_3_8,aleksandr gryazin
d_3_8,aleksandr gryazin
d_3_8,aleksandr gryazin
d_3_8,aleksandr gryazin
d_3_8,aleksandr gryazin
d_3_8,aleksandr gryazin
d_3_8,aleksandr gryazin
d_3_8,aleksandr gryazin
d_3_8,aleksandr gryazin
d_3_8,aleksandr gryazin
d_3_8,aleksandr gryazin
d_3_8,aleksandr gryazin
d_3_8,aleksandr gryazin
d_3_8,aleksandr gryazin
d_3_8,aleksandr gryazin
d_3_8,aleksandr gryazin
d_3_8,aleksandr gryazin
d_3_8,aleksandr gryazin
d_3_8,aleksandr gryazin
d_3_8,aleksandr gryazin
d_3_8,aleksandr gryazin
d_3_8,aleksandr gryazin
d_3_8,aleksandr gryazin
d_3_8,aleksandr gryazin
d_3_8,aleksandr gryazin
d_3_8,aleksandr gryazin
d_3_8,aleksandr gryazin
d_3_8,aleksandr gryazin
d_3_8,aleksandr gryazin
d_3_8,aleksandr gryazin
d_3_8,aleksandr gryazin
d_3_8,aleksandr gryazin
d_3_8,aleksandr gryazin
d_3_8,aleksandr gryazin
d_3_8,aleksandr gryazin
d_3_9,walter chorn
d_3_9,walter chorn
d_3_9,walter chorn
d_3_9,walter chorn
d_3_9,walter chorn
d_3_9,walter chorn
d_3_9,walter chorn
d_3_9,walter chorn
d_3_9,walter chorn
d_3_9,walter chorn
d_3_9,walter chorn
d_3_9,walter chorn
d_3_9,walter chorn
d_3_9,walter chorn
d_3_9,walter chorn
d_3_9,walter chorn
d_3_9,walter chorn
d_3_9,walter chorn
d_3_9,walter chorn
d_3_9,walter chorn
d_3_9,walter chorn
d_3_9,walter chorn
d_3_9,walter chorn
d_3_9,walter chorn
d_3_9,walter chorn
d_3_9,walter chorn
d_3_9,walter chorn
d_3_9,walter chorn
d_3_9,walter chorn
d_3_9,walter chorn
d_3_9,walter chorn
d_3_9,walter chorn
d_3_9,walter chorn
d_3_9,walter chorn
d_3_9,walter chorn
d_3_9,walter chorn
d_3_9,walter chorn
d_3_9,walter chorn
d_3_9,walter chorn
d_3_9,walter chorn
d_3_9,walter chorn
d_3_9,walter chorn
d_3_9,walter chorn
d_3_9,walter chorn
d_3_9,walter chorn
d_3_9,walter chorn
d_3_9,walter chorn
d_3_9,walter chorn
d_3_9,walter chorn
d_3_9,walter chorn
d_3_9,walter chorn
d_3_9,walter chorn
d_3_9,walter chorn
d_3_9,walter chorn
d_3_9,walter chorn
d_3_9,walter chorn
d_3_9,walter chorn
d_3_9,walter chorn
d_3_9,walter chorn
d_3_9,walter chorn
d_3_9,walter chorn
d_3_9,walter chorn
d_3_9,walter chorn
d_3_9,walter chorn
d_3_9,walter chorn
d_3_9,walter chorn
d_3_9,walter chorn
d_3_9,walter chorn
d_3_9,walter chorn
d_3_9,walter chorn
d_3_9,walter chorn
d_3_9,walter chorn
d_3_9,walter chorn
d_3_9,walter chorn
d_3_9,walter chorn
d_3_9,walter chorn
d_3_9,walter chorn
d_3_9,walter chorn
d_3_9,walter chorn
d_3_9,walter chorn
d_3_9,walter chorn
d_3_9,walter chorn
d_3_9,walter chorn
d_3_9,walter chorn
d_3_9,walter chorn
d_3_9,walter chorn
d_3_9,walter chorn
d_3_9,walter chorn
d_3_9,walter chorn
d_3_9,walter chorn
d_3_9,walter chorn
d_3_9,walter chorn
d_3_9,walter chorn
d_3_9,walter chorn
d_3_9,walter chorn
d_3_9,walter chorn
d_3_9,walter chorn
d_3_9,walter chorn
d_3_9,walter chorn
d_3_9,walter chorn
d_3_9,walter chorn
d_3_9,walter chorn
d_3_9,walter chorn
d_3_9,walter chorn
d_3_9,walter chorn
d_3_9,walter chorn
d_3_9,walter chorn
d_3_9,walter chorn
d_3_9,walter chorn
d_3_9,walter chorn
d_3_9,walter chorn
d_3_9,walter chorn
d_3_9,walter chorn
d_3_9,walter chorn
d_3_9,walter chorn
d_3_9,walter chorn
