name,score,File,accuracy
Kate Middleton,0.9,middleton_679.txt,True
Lewis Hamilton,0.9,hamilton_704.txt,True
Meryl Streep,0.9,dench_957.txt,False
Daniel Craig,0.9,craig_908.txt,True
Kate Middleton,0.9,middleton_60.txt,True
Elvis Presley,0.9,jagger_561.txt,False
UNKNOWN,0.0,campbell_307.txt,False
Gisele Bündchen,0.9,moss_650.txt,False
Lewis Hamilton,0.9,hamilton_394.txt,True
Sam Smith,0.9,smith_611.txt,True
Jerry Seinfeld,0.9,gervais_975.txt,False
Johnny Depp,0.8,bale_944.txt,False
Kate Moss,0.9,moss_665.txt,True
Hugh Grant,0.9,grant_877.txt,True
Adele,0.9,adele_667.txt,True
Hugh Grant,0.9,grant_21.txt,True
Mick Jagger,0.9,jagger_422.txt,True
UNKNOWN,0.0,delevigne_570.txt,False
Mick Jagger,0.9,jagger_402.txt,True
David Beckham,0.9,beckham_110.txt,True
Daniel Radcliffe,0.9,bale_827.txt,False
Taylor Swift,0.95,adele_442.txt,False
Elton John,0.9,jagger_277.txt,False
Cara Delevingne,0.9,delevigne_59.txt,False
Adele,0.9,adele_558.txt,True
UNKNOWN,0.0,bale_808.txt,False
Emma Watson,0.9,watson_746.txt,True
Angelina Jolie,0.9,bale_838.txt,False
Adele,0.9,adele_178.txt,True
Daniel Radcliffe,0.8,radcliffe_712.txt,True
Ed Sheeran,0.9,sheeran_946.txt,True
UNKNOWN,0.0,bale_3.txt,False
Naomi Campbell,0.95,campbell_477.txt,True
Kate Moss,0.9,moss_170.txt,True
Daniel Radcliffe,0.9,craig_612.txt,False
Madonna,0.9,adele_923.txt,False
Kate Moss,0.95,moss_970.txt,True
UNKNOWN,0.0,craig_403.txt,False
Emma Watson,0.9,dench_829.txt,False
Adele,0.9,adele_748.txt,True
David Beckham,0.9,beckham_425.txt,True
Christian Bale,0.9,bale_428.txt,True
Taylor Swift,0.8,adele_996.txt,False
UNKNOWN,0.0,moss_960.txt,False
Elton John,0.9,john_642.txt,True
UNKNOWN,0.0,bale_342.txt,False
Ricky Gervais,0.9,gervais_900.txt,True
Emma Watson,0.9,watson_396.txt,True
J.K. Rowling,0.9,rowling_120.txt,True
Robert Downey Jr.,0.9,grant_543.txt,False
Christian Bale,0.9,bale_1062.txt,True
Kate Middleton,0.9,middleton_175.txt,True
Jennifer Lawrence,0.8,watson_916.txt,False
Tyra Banks,0.9,campbell_1018.txt,False
Elton John,0.9,smith_22.txt,False
David Beckham,0.9,beckham_534.txt,True
Ed Sheeran,0.9,sheeran_186.txt,True
Lewis Hamilton,0.9,hamilton_349.txt,True
UNKNOWN,0.0,radcliffe_847.txt,False
David Beckham,0.9,beckham_300.txt,True
David Beckham,0.9,beckham_105.txt,True
Ricky Gervais,0.9,gervais_200.txt,True
Gisele Bündchen,0.9,campbell_163.txt,False
Ed Sheeran,0.9,sheeran_586.txt,True
Elton John,0.9,john_797.txt,True
David Beckham,0.9,beckham_1080.txt,True
Kate Middleton,0.9,middleton_839.txt,True
Kate Middleton,0.8,middleton_899.txt,True
Adele,0.9,adele_1043.txt,True
UNKNOWN,0.0,cumberbatch_861.txt,False
Christian Bale,0.9,bale_728.txt,True
Elton John,0.9,john_987.txt,True
Adele,0.9,adele_876.txt,True
UNKNOWN,0.0,cumberbatch_501.txt,False
Daniel Craig,0.8,craig_227.txt,True
Dua Lipa,0.9,smith_1027.txt,False
David Beckham,0.9,beckham_763.txt,True
UNKNOWN,0.0,campbell_353.txt,False
UNKNOWN,0.0,craig_378.txt,False
UNKNOWN,0.0,watson_756.txt,False
Elton John,0.9,john_1011.txt,True
UNKNOWN,0.0,radcliffe_282.txt,False
UNKNOWN,0.0,bale_367.txt,False
J.K. Rowling,0.9,rowling_308.txt,True
Sam Smith,0.9,rowling_24.txt,False
J.K. Rowling,0.9,rowling_609.txt,True
Freddie Mercury,0.9,jagger_146.txt,False
Meryl Streep,0.9,dench_354.txt,False
J.K. Rowling,0.9,rowling_854.txt,True
Daniel Radcliffe,0.8,radcliffe_552.txt,True
Kate Middleton,0.9,middleton_384.txt,True
Tom Hanks,0.9,cumberbatch_986.txt,False
Keira Knightley,0.9,delevigne_150.txt,False
Kate Middleton,0.9,middleton_710.txt,True
UNKNOWN,0.0,cumberbatch_326.txt,False
Daniel Radcliffe,0.9,radcliffe_463.txt,True
Christian Bale,0.9,bale_387.txt,True
Taylor Swift,0.9,adele_47.txt,False
Tom Hanks,0.9,bale_194.txt,False
Tom Hanks,0.9,grant_437.txt,False
Tom Cruise,0.9,radcliffe_653.txt,False
UNKNOWN,0.0,dench_48.txt,False
Kate Middleton,0.9,middleton_379.txt,True
Sacha Baron Cohen,0.9,gervais_405.txt,False
UNKNOWN,0.0,delevigne_940.txt,False
Elton John,0.9,john_128.txt,True
Christian Bale,0.9,bale_952.txt,True
Tom Hanks,0.9,bale_740.txt,False
Hugh Grant,0.9,grant_79.txt,True
Daniel Radcliffe,0.9,watson_937.txt,False
Hugh Grant,0.9,grant_107.txt,True
UNKNOWN,0.0,radcliffe_358.txt,False
Hugh Jackman,0.9,craig_476.txt,False
Daniel Radcliffe,0.9,radcliffe_408.txt,True
UNKNOWN,0.8,delevigne_659.txt,False
Mick Jagger,0.9,jagger_262.txt,True
Benedict Cumberbatch,0.9,cumberbatch_221.txt,True
Kate Moss,0.9,moss_725.txt,True
Lionel Messi,0.9,beckham_1008.txt,False
Ed Sheeran,0.9,sheeran_626.txt,True
UNKNOWN,0.0,grant_638.txt,False
Lewis Hamilton,0.9,hamilton_934.txt,True
Lady Gaga,0.9,smith_313.txt,False
Emma Watson,0.9,watson_627.txt,True
David Beckham,0.9,beckham_834.txt,True
Cate Blanchett,0.9,dench_790.txt,False
UNKNOWN,0.0,jagger_984.txt,False
Naomi Campbell,0.9,campbell_62.txt,True
Daniel Radcliffe,0.9,radcliffe_142.txt,True
Ricky Gervais,0.9,gervais_80.txt,True
Paul McCartney,0.9,jagger_258.txt,False
UNKNOWN,0.0,middleton_539.txt,False
Cara Delevingne,0.9,delevigne_189.txt,False
Kate Moss,0.9,moss_635.txt,True
UNKNOWN,0.0,radcliffe_753.txt,False
Taylor Swift,0.9,sheeran_256.txt,False
Daniel Radcliffe,0.9,radcliffe_223.txt,True
Daniel Craig,0.8,craig_137.txt,True
Daniel Radcliffe,0.9,craig_978.txt,False
Tom Hiddleston,0.9,craig_98.txt,False
Unknown,0.0,smith_183.txt,False
Gigi Hadid,0.9,delevigne_475.txt,False
Gisele Bündchen,0.9,moss_335.txt,False
Naomi Campbell,0.9,campbell_993.txt,True
Taylor Swift,0.9,adele_216.txt,False
Judi Dench,0.9,dench_27.txt,True
Brad Pitt,0.9,bale_868.txt,False
Taylor Swift,0.9,adele_576.txt,False
Daniel Radcliffe,0.9,radcliffe_568.txt,True
UNKNOWN,0.0,cumberbatch_426.txt,False
Michael Jackson,0.9,campbell_382.txt,False
Kate Moss,0.9,moss_540.txt,True
Taylor Swift,0.9,adele_938.txt,False
Lewis Hamilton,0.9,hamilton_913.txt,True
UNKNOWN,0.0,campbell_53.txt,False
Hugh Jackman,0.9,cumberbatch_461.txt,False
Lewis Hamilton,0.9,hamilton_755.txt,True
Elton John,0.9,john_961.txt,True
Lewis Hamilton,0.9,hamilton_769.txt,True
Mick Jagger,0.9,jagger_857.txt,True
Lewis Hamilton,0.9,hamilton_919.txt,True
Elton John,0.9,john_166.txt,True
Ed Sheeran,0.9,sheeran_196.txt,True
Daniel Craig,0.9,craig_469.txt,True
Meryl Streep,0.9,dench_138.txt,False
UNKNOWN,0.0,dench_573.txt,False
Kate Middleton,0.9,middleton_1055.txt,True
George Clooney,0.9,cumberbatch_606.txt,False
UNKNOWN,0.0,radcliffe_608.txt,False
Emma Watson,0.9,watson_311.txt,True
Kate Middleton,0.9,middleton_15.txt,True
Ed Sheeran,0.9,sheeran_927.txt,True
Ed Sheeran,0.9,sheeran_581.txt,True
David Beckham,0.9,beckham_495.txt,True
Adele,0.9,adele_503.txt,True
Ed Sheeran,0.9,sheeran_191.txt,True
Hugh Grant,0.9,grant_173.txt,True
UNKNOWN,0.0,delevigne_299.txt,False
J.K. Rowling,0.9,rowling_337.txt,True
Charlie Chaplin,0.9,bale_537.txt,False
Ed Sheeran,0.9,sheeran_671.txt,True
Meryl Streep,0.9,dench_799.txt,False
Barack Obama,0.9,adele_691.txt,False
Steven Spielberg,0.9,rowling_973.txt,False
Lewis Hamilton,0.9,hamilton_804.txt,True
Unknown,0.5,sheeran_736.txt,False
Kate Middleton,0.9,middleton_310.txt,True
Prince William,0.9,middleton_780.txt,False
David Beckham,0.9,beckham_465.txt,True
Cara Delevingne,0.9,delevigne_589.txt,False
Gigi Hadid,0.9,campbell_488.txt,False
Elizabeth Hurley,0.9,grant_492.txt,False
Mick Jagger,0.9,jagger_782.txt,True
J.K. Rowling,0.95,rowling_1059.txt,True
Lewis Hamilton,0.9,hamilton_390.txt,True
Elton John,1.0,john_222.txt,True
Ricky Gervais,0.9,gervais_590.txt,True
Elton John,0.9,john_512.txt,True
Hugh Grant,0.9,grant_424.txt,True
Christian Bale,0.9,bale_348.txt,True
Meryl Streep,0.8,dench_560.txt,False
Kate Middleton,0.95,middleton_450.txt,True
Judi Dench,0.9,dench_597.txt,True
Prince William,0.9,middleton_844.txt,False
Unknown,0.0,watson_733.txt,False
Kate Moss,0.9,moss_520.txt,True
Daniel Radcliffe,0.9,radcliffe_122.txt,True
UNKNOWN,0.0,cumberbatch_796.txt,False
Rowan Atkinson,0.9,gervais_50.txt,False
Elton John,0.9,john_812.txt,True
Kate Moss,0.9,moss_140.txt,True
Adele,0.9,adele_962.txt,True
Kate Moss,0.9,moss_115.txt,True
Leonardo DiCaprio,0.9,craig_873.txt,False
Elton John,0.9,john_106.txt,True
Hugh Grant,0.9,grant_571.txt,True
Cate Blanchett,0.9,cumberbatch_1036.txt,False
Kate Middleton,0.9,middleton_815.txt,True
Emma Watson,0.9,watson_351.txt,True
Lewis Hamilton,0.9,hamilton_284.txt,True
Meryl Streep,0.9,dench_89.txt,False
Emma Watson,0.9,watson_257.txt,True
Emma Watson,0.9,watson_136.txt,True
Emma Watson,0.9,watson_1061.txt,True
J.K. Rowling,0.9,rowling_1073.txt,True
UNKNOWN,0.0,rowling_69.txt,False
UNKNOWN,0.0,smith_195.txt,False
Naomi Campbell,0.9,campbell_563.txt,True
Reese Witherspoon,0.9,craig_328.txt,False
Elton John,0.9,john_193.txt,True
Hugh Grant,0.9,grant_559.txt,True
Taylor Swift,0.9,delevigne_104.txt,False
Christian Bale,0.9,bale_818.txt,True
Kate Moss,0.9,moss_320.txt,True
Naomi Campbell,0.9,campbell_33.txt,True
Daniel Craig,0.9,craig_188.txt,True
UNKNOWN,0.5,moss_1050.txt,False
Lewis Hamilton,0.9,hamilton_1060.txt,True
Helen Mirren,0.9,dench_654.txt,False
Sam Smith,0.9,smith_444.txt,True
UNKNOWN,0.0,gervais_715.txt,False
Kate Middleton,0.9,middleton_350.txt,True
Adele,0.9,adele_197.txt,True
Daniel Radcliffe,0.9,radcliffe_316.txt,True
J.K. Rowling,0.9,rowling_229.txt,True
Tom Hanks,0.9,craig_698.txt,False
David Beckham,0.8,beckham_14.txt,True
Taylor Swift,0.9,smith_118.txt,False
Lewis Hamilton,0.9,hamilton_524.txt,True
Daniel Radcliffe,0.9,radcliffe_532.txt,True
Elton John,0.9,jagger_116.txt,False
Barbara Smith,0.8,cumberbatch_806.txt,False
David Beckham,0.9,beckham_909.txt,True
Sam Smith,0.9,rowling_95.txt,False
Lewis Hamilton,0.9,hamilton_198.txt,True
Sam Smith,0.9,smith_702.txt,True
Elton John,0.9,rowling_99.txt,False
Lewis Hamilton,0.9,hamilton_773.txt,True
Ed Sheeran,0.9,sheeran_841.txt,True
Naomi Campbell,0.9,campbell_869.txt,True
UNKNOWN,0.8,moss_485.txt,False
Lewis Hamilton,0.9,hamilton_13.txt,True
Freddie Mercury,0.9,jagger_846.txt,False
Tyra Banks,0.9,campbell_657.txt,False
Princess Diana,0.9,middleton_805.txt,False
Cara Delevingne,0.9,delevigne_994.txt,False
UNKNOWN,0.0,cumberbatch_541.txt,False
Kate Moss,0.9,campbell_389.txt,False
Daniel Radcliffe,0.9,radcliffe_988.txt,True
Cara Delevingne,0.9,delevigne_70.txt,False
Daniel Radcliffe,0.9,radcliffe_472.txt,True
Christian Bale,0.9,bale_327.txt,True
Ed Sheeran,0.9,sheeran_46.txt,True
UNKNOWN,0.0,grant_813.txt,False
Sam Smith,0.9,smith_235.txt,True
David Beckham,0.9,beckham_318.txt,True
Christian Bale,0.9,bale_742.txt,True
Naomi Campbell,0.9,campbell_523.txt,True
Naomi Campbell,0.8,campbell_174.txt,True
Taylor Swift,0.9,adele_1048.txt,False
UNKNOWN,0.0,campbell_572.txt,False
Kate Moss,0.9,moss_1075.txt,True
Daniel Radcliffe,0.9,radcliffe_768.txt,True
Emma Watson,0.9,watson_706.txt,True
Adele,0.9,adele_242.txt,True
Bono,0.9,jagger_513.txt,False
Daniel Radcliffe,0.9,radcliffe_619.txt,True
UNKNOWN,0.0,delevigne_920.txt,False
Meryl Streep,0.9,dench_119.txt,False
UNKNOWN,0.0,smith_167.txt,False
David Beckham,0.9,beckham_930.txt,True
Kate Moss,0.9,moss_455.txt,True
Elton John,0.9,john_932.txt,True
Kate Middleton,0.9,middleton_764.txt,True
Naomi Campbell,0.9,campbell_228.txt,True
J.K. Rowling,0.9,rowling_762.txt,True
Lewis Hamilton,0.9,hamilton_483.txt,True
Emma Watson,0.9,watson_247.txt,True
Cara Delevingne,0.95,delevigne_184.txt,False
Emma Watson,0.8,watson_347.txt,True
David Beckham,0.9,beckham_519.txt,True
Taylor Swift,0.9,sheeran_732.txt,False
UNKNOWN,0.0,campbell_414.txt,False
Billie Eilish,0.9,smith_154.txt,False
UNKNOWN,0.0,sheeran_826.txt,False
Emma Watson,0.9,watson_942.txt,True
Emma Watson,0.9,radcliffe_707.txt,False
Lewis Hamilton,0.9,hamilton_599.txt,True
UNKNOWN,0.0,campbell_688.txt,False
David Beckham,0.9,beckham_885.txt,True
UNKNOWN,0.0,cumberbatch_206.txt,False
UNKNOWN,0.0,moss_445.txt,False
Mick Jagger,0.9,jagger_711.txt,True
UNKNOWN,0.0,campbell_848.txt,False
UNKNOWN,0.0,cumberbatch_731.txt,False
Lewis Hamilton,0.9,hamilton_648.txt,True
UNKNOWN,0.0,campbell_398.txt,False
Elton John,0.9,john_966.txt,True
PERSON_LASTNAME_1,0.9,gervais_730.txt,False
Tom Hanks,0.9,cumberbatch_236.txt,False
Adele,0.9,adele_718.txt,True
UNKNOWN,0.0,craig_58.txt,False
Ed Sheeran,0.9,sheeran_121.txt,True
Sam Smith,0.9,smith_639.txt,True
Cristiano Ronaldo,0.9,beckham_574.txt,False
UNKNOWN,0.8,campbell_734.txt,False
Christian Bale,0.9,bale_103.txt,True
Lewis Hamilton,0.9,hamilton_633.txt,True
Jerry Seinfeld,0.9,gervais_1065.txt,False
Lady Gaga,0.9,john_1038.txt,False
UNKNOWN,0.0,delevigne_270.txt,False
Ellen DeGeneres,0.9,gervais_770.txt,False
Adele,0.9,adele_97.txt,True
Bono,0.9,jagger_52.txt,False
Sam Smith,0.9,smith_418.txt,True
Kate Middleton,0.9,middleton_575.txt,True
J.K. Rowling,0.9,rowling_419.txt,True
Elton John,0.9,john_76.txt,True
Christian Bale,0.9,bale_443.txt,True
Kate Middleton,0.9,middleton_460.txt,True
Ed Sheeran,0.9,sheeran_681.txt,True
UNKNOWN,0.0,radcliffe_78.txt,False
Adele,0.9,adele_357.txt,True
Billy Jean,0.8,smith_133.txt,False
Kate Moss,0.8,campbell_507.txt,False
Gisele Bündchen,0.9,moss_990.txt,False
Ed Sheeran,0.9,sheeran_36.txt,True
Elton John,0.9,john_727.txt,True
Kanye West,0.8,john_737.txt,False
Adele,0.9,adele_302.txt,True
Judi Dench,0.9,dench_404.txt,True
Judi Dench,0.9,dench_75.txt,True
Christian Bale,0.9,bale_38.txt,True
Mick Jagger,0.9,jagger_771.txt,True
Sacha Baron Cohen,0.9,gervais_735.txt,False
UNKNOWN,0.0,moss_1020.txt,False
UNKNOWN,0.0,craig_40.txt,False
Kate Middleton,0.9,middleton_640.txt,True
UNKNOWN,0.0,sheeran_462.txt,False
UNKNOWN,0.0,grant_831.txt,False
David Beckham,0.9,beckham_843.txt,True
Lewis Hamilton,0.9,hamilton_309.txt,True
Naomi Campbell,0.9,campbell_529.txt,True
Ricky Gervais,0.9,gervais_19.txt,True
UNKNOWN,0.5,smith_473.txt,False
Taylor Swift,0.9,adele_209.txt,False
UNKNOWN,0.0,delevigne_1007.txt,False
Daniel Radcliffe,0.9,watson_251.txt,False
Judi Dench,0.8,dench_268.txt,True
Elton John,0.9,adele_836.txt,False
Adele,0.9,adele_547.txt,True
Sam Smith,0.9,smith_872.txt,True
Lewis Hamilton,0.9,hamilton_264.txt,True
Johnny Depp,0.8,radcliffe_526.txt,False
Cara Delevingne,0.9,delevigne_700.txt,False
Tom Hardy,0.9,craig_879.txt,False
Lewis Hamilton,0.9,hamilton_500.txt,True
Benedict Cumberbatch,0.9,cumberbatch_6.txt,True
Elton John,0.9,jagger_582.txt,False
Emma Watson,0.9,watson_721.txt,True
UNKNOWN,0.0,craig_1049.txt,False
UNKNOWN,0.0,grant_749.txt,False
Meryl Streep,0.9,dench_368.txt,False
Mick Jagger,0.9,jagger_701.txt,True
Tom Hanks,0.9,craig_823.txt,False
Hugh Grant,0.9,grant_16.txt,True
UNKNOWN,0.0,moss_835.txt,False
Daniel Radcliffe,0.9,radcliffe_44.txt,True
Donald Trump,0.8,campbell_693.txt,False
Sam Smith,0.9,smith_853.txt,True
Elvis Presley,0.9,jagger_376.txt,False
Emma Watson,0.9,watson_176.txt,True
UNKNOWN,0.0,delevigne_383.txt,False
UNKNOWN,0.0,grant_991.txt,False
Ed Sheeran,0.9,sheeran_811.txt,True
Harry Styles,0.9,jagger_1066.txt,False
Helen Mirren,0.9,dench_684.txt,False
UNKNOWN,0.0,cumberbatch_511.txt,False
UNKNOWN,0.8,grant_1057.txt,False
UNKNOWN,0.0,delevigne_750.txt,False
Unknown,0.0,cumberbatch_131.txt,False
Daniel Radcliffe,0.9,radcliffe_252.txt,True
UNKNOWN,0.0,cumberbatch_981.txt,False
Elton John,0.9,smith_998.txt,False
Adele,0.9,adele_497.txt,True
UNKNOWN,0.0,delevigne_274.txt,False
Kate Moss,0.9,moss_480.txt,True
Meryl Streep,0.9,dench_689.txt,False
Jim Carrey,0.9,grant_925.txt,False
Taylor Swift,0.9,jagger_897.txt,False
Kate Middleton,0.9,middleton_434.txt,True
Angelina Jolie,0.9,craig_992.txt,False
Ed Sheeran,0.9,sheeran_546.txt,True
Tom Cruise,0.9,bale_997.txt,False
UNKNOWN,0.0,radcliffe_692.txt,False
Adele,0.9,adele_397.txt,True
Brad Pitt,0.8,craig_332.txt,False
UNKNOWN,0.0,grant_968.txt,False
UNKNOWN,0.0,dench_504.txt,False
UNKNOWN,0.0,cumberbatch_1031.txt,False
Janelle Monáe,0.9,delevigne_1000.txt,False
Daniel Radcliffe,0.9,craig_149.txt,False
UNKNOWN,0.0,grant_1033.txt,False
Benedict Cumberbatch,0.9,cumberbatch_26.txt,True
Gigi Hadid,0.8,moss_1070.txt,False
Elton John,0.9,smith_438.txt,False
Elton John,0.9,john_361.txt,True
Scarlett Johansson,0.9,bale_446.txt,False
Emma Watson,0.8,adele_147.txt,False
Hugh Grant,0.95,grant_522.txt,True
J.K. Rowling,0.9,rowling_180.txt,True
UNKNOWN,0.0,cumberbatch_1046.txt,False
Johnny Depp,0.9,bale_722.txt,False
Lewis Hamilton,0.9,hamilton_139.txt,True
UNKNOWN,0.0,craig_788.txt,False
J.K. Rowling,0.9,rowling_364.txt,True
Ed Sheeran,0.9,sheeran_111.txt,True
Ricky Gervais,0.95,gervais_595.txt,True
Daniel Radcliffe,0.9,radcliffe_891.txt,True
Tom Cruise,0.9,radcliffe_1056.txt,False
Mick Jagger,0.9,jagger_77.txt,True
Tom Hanks,0.9,grant_708.txt,False
UNKNOWN,0.0,campbell_203.txt,False
Hugh Grant,0.9,grant_31.txt,True
Emma Watson,0.9,watson_406.txt,True
UNKNOWN,0.0,sheeran_787.txt,False
Sam Smith,0.9,smith_583.txt,True
UNKNOWN,0.0,dench_759.txt,False
Cara Delevingne,0.9,delevigne_415.txt,False
Sacha Baron Cohen,0.9,gervais_890.txt,False
Hugh Grant,0.9,grant_772.txt,True
Emma Watson,0.9,watson_127.txt,True
Meryl Streep,0.9,dench_948.txt,False
UNKNOWN,0.0,hamilton_809.txt,False
Naomi Campbell,0.9,campbell_647.txt,True
Daniel Radcliffe,0.9,radcliffe_967.txt,True
UNKNOWN,0.0,sheeran_976.txt,False
Cristiano Ronaldo,0.9,beckham_709.txt,False
Hugh Grant,0.9,grant_631.txt,True
Jennifer Aniston,0.9,craig_493.txt,False
Elton John,0.9,john_747.txt,True
Lewis Hamilton,0.9,hamilton_168.txt,True
Robert De Niro,0.9,bale_1052.txt,False
Emma Watson,0.9,watson_416.txt,True
UNKNOWN,0.0,cumberbatch_651.txt,False
Ricky Gervais,0.9,gervais_630.txt,True
Leonardo DiCaprio,0.9,john_807.txt,False
Judi Dench,0.9,dench_144.txt,True
Hugh Grant,0.9,grant_883.txt,True
David Beckham,0.9,beckham_338.txt,True
Elton John,0.9,john_1016.txt,True
Adele,0.9,adele_943.txt,True
UNKNOWN,0.0,moss_430.txt,False
Bono,0.9,jagger_101.txt,False
Kate Moss,0.9,moss_680.txt,True
Meryl Streep,0.9,dench_283.txt,False
UNKNOWN,0.0,moss_365.txt,False
Sam Smith,0.9,smith_202.txt,True
Hugh Grant,0.9,grant_343.txt,True
Sam Smith,0.9,smith_412.txt,True
Tom Hanks,0.9,cumberbatch_71.txt,False
Elton John,0.9,john_951.txt,True
Emma Watson,0.9,dench_359.txt,False
UNKNOWN,0.0,dench_587.txt,False
Sam Smith,0.9,smith_604.txt,True
David Beckham,0.9,beckham_159.txt,True
UNKNOWN,0.0,craig_123.txt,False
UNKNOWN,0.0,gervais_840.txt,False
UNKNOWN,0.0,bale_892.txt,False
Sam Smith,0.9,smith_179.txt,True
Gigi Hadid,0.9,campbell_298.txt,False
Kate Moss,0.9,moss_165.txt,True
Sam Smith,0.9,smith_39.txt,True
UNKNOWN,0.0,delevigne_199.txt,False
Elton John,0.9,john_407.txt,True
Elton John,0.9,john_421.txt,True
David Beckham,0.9,beckham_369.txt,True
Emma Watson,0.9,watson_931.txt,True
Rowan Atkinson,0.8,gervais_454.txt,False
Ed Sheeran,0.9,sheeran_457.txt,True
J.K. Rowling,0.9,rowling_145.txt,True
Daniel Craig,0.9,craig_32.txt,True
Bono,0.9,jagger_792.txt,False
Kate Moss,0.9,moss_690.txt,True
Tom Hanks,0.9,cumberbatch_566.txt,False
J.K. Rowling,0.9,rowling_545.txt,True
Angelina Jolie,0.9,watson_192.txt,False
Judi Dench,0.9,dench_447.txt,True
Hugh Jackman,0.9,cumberbatch_726.txt,False
David Beckham,0.9,beckham_478.txt,True
Taylor Swift,0.9,delevigne_620.txt,False
Judi Dench,0.9,dench_315.txt,True
Daniel Radcliffe,0.9,radcliffe_837.txt,True
J.K. Rowling,0.9,rowling_830.txt,True
UNKNOWN,0.0,craig_259.txt,False
Daniel Radcliffe,0.9,radcliffe_312.txt,True
Ricky Gervais,0.9,gervais_895.txt,True
UNKNOWN,0.0,cumberbatch_341.txt,False
Lewis Hamilton,0.9,hamilton_64.txt,True
J.K. Rowling,0.9,rowling_699.txt,True
Lewis Hamilton,0.9,hamilton_580.txt,True
Judi Dench,0.9,dench_613.txt,True
J.K. Rowling,0.9,rowling_564.txt,True
Adele,0.9,adele_297.txt,True
Adele,0.9,adele_591.txt,True
Kate Middleton,0.9,middleton_649.txt,True
Brad Pitt,0.9,craig_114.txt,False
Cristiano Ronaldo,0.9,beckham_100.txt,False
J.K. Rowling,0.9,rowling_945.txt,True
Ed Sheeran,0.9,sheeran_752.txt,True
Lewis Hamilton,0.9,hamilton_874.txt,True
UNKNOWN,0.0,gervais_664.txt,False
David Beckham,0.9,beckham_779.txt,True
Cara Delevingne,0.9,delevigne_484.txt,False
Mick Jagger,0.9,jagger_42.txt,True
Adele,0.9,rowling_18.txt,False
Elton John,0.9,john_391.txt,True
Cara Delevingne,0.9,delevigne_219.txt,False
Cate Blanchett,0.9,cumberbatch_751.txt,False
Hugh Grant,0.95,grant_1012.txt,True
Ed Sheeran,0.9,sheeran_801.txt,True
Jerry Seinfeld,0.8,gervais_670.txt,False
J.K. Rowling,0.9,rowling_824.txt,True
Christian Bale,0.9,bale_637.txt,True
Adele,0.9,adele_618.txt,True
Mick Jagger,0.95,jagger_11.txt,True
David Beckham,0.9,beckham_5.txt,True
J.K. Rowling,0.9,rowling_579.txt,True
Adele,0.9,smith_1004.txt,False
UNKNOWN,0.0,delevigne_949.txt,False
UNKNOWN,0.0,moss_285.txt,False
Kate Middleton,0.9,middleton_410.txt,True
Daniel Radcliffe,0.9,radcliffe_602.txt,True
Lewis Hamilton,0.9,hamilton_204.txt,True
Ellen DeGeneres,0.9,john_922.txt,False
UNKNOWN,0.0,delevigne_245.txt,False
UNKNOWN,0.0,gervais_800.txt,False
Kate Middleton,0.9,middleton_1069.txt,True
Daniel Craig,0.9,craig_677.txt,True
UNKNOWN,0.0,moss_615.txt,False
Ricky Gervais,0.9,gervais_479.txt,True
Elton John,0.9,john_616.txt,True
Naomi Campbell,0.9,campbell_668.txt,True
Elton John,0.9,john_8.txt,True
Kate Middleton,0.9,middleton_1025.txt,True
Johnny Depp,0.9,bale_113.txt,False
Adele,0.9,smith_289.txt,False
UNKNOWN,0.0,radcliffe_161.txt,False
Daniel Radcliffe,0.9,radcliffe_117.txt,True
UNKNOWN,0.0,delevigne_25.txt,False
Ricky Gervais,0.95,gervais_555.txt,True
Elton John,0.9,john_156.txt,True
Kate Moss,0.9,moss_35.txt,True
Adele,0.9,adele_851.txt,True
Ed Sheeran,0.9,sheeran_207.txt,True
Emma Watson,0.9,watson_41.txt,True
UNKNOWN,0.0,cumberbatch_881.txt,False
PERSON_FIRSTNAME_1 PERSON_LASTNAME_1,0.8,moss_905.txt,False
Mick Jagger,0.9,jagger_557.txt,True
Tom Hanks,0.9,craig_381.txt,False
David Beckham,0.9,beckham_1024.txt,True
Elton John,0.9,john_983.txt,True
Ricky Gervais,0.9,gervais_1009.txt,True
Princess Diana,0.9,middleton_360.txt,False
David Beckham,0.9,beckham_915.txt,True
UNKNOWN,0.0,gervais_634.txt,False
David Beckham,0.9,beckham_723.txt,True
UNKNOWN,0.0,radcliffe_243.txt,False
Tom Cruise,0.9,radcliffe_719.txt,False
Mick Jagger,0.9,jagger_467.txt,True
UNKNOWN,0.0,sheeran_641.txt,False
Keanu Reeves,0.9,craig_1017.txt,False
J.K. Rowling,0.9,rowling_598.txt,True
J.K. Rowling,0.9,rowling_1014.txt,True
UNKNOWN,0.0,grant_828.txt,False
Lewis Hamilton,0.9,hamilton_249.txt,True
Judi Dench,0.9,dench_880.txt,True
J.K. Rowling,0.9,rowling_482.txt,True
Benedict Cumberbatch,0.9,cumberbatch_211.txt,True
UNKNOWN,0.0,cumberbatch_151.txt,False
Emma Watson,0.9,watson_431.txt,True
Ricky Gervais,0.9,gervais_400.txt,True
Jerry Seinfeld,0.8,gervais_765.txt,False
Ricky Gervais,0.9,gervais_660.txt,True
UNKNOWN,0.0,adele_377.txt,False
Adele,0.9,adele_798.txt,True
Meryl Streep,0.9,dench_516.txt,False
UNKNOWN,0.0,campbell_1054.txt,False
UNKNOWN,0.0,radcliffe_1039.txt,False
Kate Moss,0.9,moss_1030.txt,True
UNKNOWN,0.0,craig_413.txt,False
Mick Jagger,0.9,jagger_213.txt,True
Mick Jagger,0.9,jagger_322.txt,True
Meryl Streep,0.9,dench_969.txt,False
Lewis Hamilton,0.9,hamilton_565.txt,True
Mick Jagger,0.9,jagger_296.txt,True
UNKNOWN,0.0,delevigne_210.txt,False
J.K. Rowling,0.9,rowling_1063.txt,True
UNKNOWN,0.0,radcliffe_977.txt,False
Elton John,0.9,john_717.txt,True
Adele,0.9,adele_57.txt,True
UNKNOWN,0.0,radcliffe_233.txt,False
Sam Smith,0.9,smith_878.txt,True
UNKNOWN,0.5,sheeran_982.txt,False
Christian Bale,0.9,bale_802.txt,True
Cara Delevingne,0.9,delevigne_265.txt,False
Sam Smith,0.9,smith_646.txt,True
Kate Moss,0.9,moss_585.txt,True
Adele,0.9,adele_323.txt,True
Robert De Niro,0.9,bale_963.txt,False
Maggie Smith,0.9,dench_429.txt,False
UNKNOWN,0.0,delevigne_1015.txt,False
Adele,0.9,adele_1067.txt,True
UNKNOWN,0.0,middleton_319.txt,False
UNKNOWN,0.0,bale_304.txt,False
Sam Smith,0.9,rowling_63.txt,False
UNKNOWN,0.0,bale_238.txt,False
Kate Middleton,0.9,middleton_605.txt,True
Kate Middleton,0.9,middleton_339.txt,True
Angelina Jolie,0.9,delevigne_859.txt,False
UNKNOWN,0.0,delevigne_729.txt,False
Hugh Grant,0.9,cumberbatch_816.txt,False
UNKNOWN,0.0,jagger_392.txt,False
Taylor Swift,0.9,sheeran_901.txt,False
Ed Sheeran,0.9,sheeran_321.txt,True
Kate Moss,0.9,moss_775.txt,True
Lewis Hamilton,0.8,hamilton_135.txt,True
Kate Moss,0.9,moss_90.txt,True
Emma Watson,0.9,watson_371.txt,True
Meryl Streep,0.9,campbell_314.txt,False
UNKNOWN,0.0,beckham_694.txt,False
UNKNOWN,0.0,delevigne_600.txt,False
Elton John,0.9,john_502.txt,True
Elton John,0.9,sheeran_411.txt,False
Justin Bieber,0.9,sheeran_182.txt,False
Emma Watson,0.9,watson_356.txt,True
UNKNOWN,0.0,craig_596.txt,False
Marilyn Monroe,0.9,watson_921.txt,False
Hugh Grant,0.9,grant_452.txt,True
David Beckham,0.8,beckham_334.txt,True
Kate Middleton,0.8,watson_331.txt,False
Benedict Cumberbatch,0.9,cumberbatch_481.txt,True
Elton John,0.9,jagger_1026.txt,False
Lewis Hamilton,0.9,hamilton_980.txt,True
Tom Hiddleston,0.8,cumberbatch_471.txt,False
UNKNOWN,0.0,campbell_23.txt,False
Hugh Grant,0.9,grant_498.txt,True
UNKNOWN,0.0,bale_294.txt,False
Ed Sheeran,0.9,sheeran_791.txt,True
Adele,0.9,adele_673.txt,True
Sam Smith,0.9,smith_9.txt,True
Kate Moss,0.9,moss_65.txt,True
UNKNOWN,0.0,rowling_979.txt,False
Elton John,0.9,john_177.txt,True
Daniel Radcliffe,0.9,radcliffe_373.txt,True
Kate Middleton,0.9,middleton_525.txt,True
Gigi Hadid,0.9,campbell_94.txt,False
Angelina Jolie,0.9,watson_666.txt,False
Daniel Radcliffe,0.9,craig_832.txt,False
Ed Sheeran,0.9,sheeran_781.txt,True
UNKNOWN,0.0,cumberbatch_171.txt,False
Elton John,0.9,john_87.txt,True
Prince William,0.9,middleton_614.txt,False
Lewis Hamilton,0.9,hamilton_1074.txt,True
Elton John,0.9,jagger_496.txt,False
J.K. Rowling,0.9,rowling_218.txt,True
Daniel Craig,0.9,craig_819.txt,True
Emma Watson,0.9,watson_686.txt,True
Kate Moss,0.9,moss_190.txt,True
Ricky Gervais,0.9,gervais_325.txt,True
Ed Sheeran,0.9,sheeran_556.txt,True
UNKNOWN,0.0,cumberbatch_786.txt,False
Ed Sheeran,0.9,sheeran_66.txt,True
Adele,0.9,adele_423.txt,True
Gisele Bündchen,0.9,campbell_569.txt,False
J.K. Rowling,0.9,rowling_134.txt,True
Adam Sandler,0.9,grant_777.txt,False
Benedict Cumberbatch,0.9,cumberbatch_291.txt,True
Madonna,0.8,jagger_917.txt,False
Beyoncé,0.9,jagger_96.txt,False
Adele,0.9,adele_43.txt,True
Benedict Cumberbatch,0.9,cumberbatch_871.txt,True
David Beckham,0.9,beckham_714.txt,True
Elton John,0.9,john_372.txt,True
Adele,0.9,adele_468.txt,True
UNKNOWN,0.0,campbell_789.txt,False
Mick Jagger,0.9,jagger_286.txt,True
Lewis Hamilton,0.9,hamilton_164.txt,True
UNKNOWN,0.0,middleton_760.txt,False
Adele,0.9,adele_682.txt,True
Lewis Hamilton,0.9,hamilton_510.txt,True
Kate Middleton,0.9,middleton_250.txt,True
UNKNOWN,0.0,cumberbatch_266.txt,False
Joaquin Phoenix,0.9,bale_794.txt,False
UNKNOWN,0.0,craig_713.txt,False
Mick Jagger,0.9,jagger_617.txt,True
Adele,0.9,rowling_34.txt,False
Christian Bale,0.9,bale_172.txt,True
Elton John,0.9,john_73.txt,True
Lewis Hamilton,0.9,hamilton_685.txt,True
UNKNOWN,0.0,craig_538.txt,False
Mariah Carey,0.9,smith_985.txt,False
Taylor Swift,0.9,adele_607.txt,False
Kate Middleton,0.9,middleton_774.txt,True
Emma Watson,0.9,watson_1042.txt,True
UNKNOWN,0.0,dench_548.txt,False
UNKNOWN,0.0,sheeran_276.txt,False
UNKNOWN,0.0,dench_1079.txt,False
Daniel Craig,0.9,craig_253.txt,True
UNKNOWN,0.0,grant_783.txt,False
Judi Dench,0.9,dench_489.txt,True
Daniel Craig,0.9,craig_886.txt,True
Ed Sheeran,0.9,sheeran_862.txt,True
Daniel Craig,0.9,craig_928.txt,True
Lewis Hamilton,0.9,hamilton_1040.txt,True
Mick Jagger,0.9,jagger_672.txt,True
UNKNOWN,0.0,grant_1076.txt,False
Leonardo DiCaprio,0.9,radcliffe_956.txt,False
Mick Jagger,0.9,jagger_1021.txt,True
Emma Watson,0.9,watson_1047.txt,True
Elton John,0.9,john_902.txt,True
Russell Brand,0.9,gervais_950.txt,False
Tom Cruise,0.9,grant_754.txt,False
Gal Gadot,0.9,delevigne_914.txt,False
Meryl Streep,0.9,dench_820.txt,False
UNKNOWN,0.5,hamilton_333.txt,False
Mick Jagger,0.9,jagger_241.txt,True
Daniel Radcliffe,0.9,radcliffe_267.txt,True
Kate Moss,0.9,moss_655.txt,True
Harry Styles,0.9,smith_527.txt,False
Elton John,0.9,john_863.txt,True
Kate Moss,0.9,moss_910.txt,True
J.K. Rowling,0.9,rowling_517.txt,True
Christian Bale,0.9,bale_226.txt,True
Adele,0.9,adele_61.txt,True
Kate Middleton,0.9,middleton_584.txt,True
UNKNOWN,0.0,cumberbatch_926.txt,False
Kate Moss,0.9,moss_155.txt,True
Elton John,0.9,john_51.txt,True
Cara Delevingne,0.9,delevigne_395.txt,False
UNKNOWN,0.0,gervais_535.txt,False
UNKNOWN,0.0,moss_745.txt,False
Tom Hanks,0.9,bale_628.txt,False
Johnny Depp,0.9,bale_362.txt,False
Catherine Zeta-Jones,0.9,bale_162.txt,False
Elton John,0.9,john_776.txt,True
Lewis Hamilton,0.9,hamilton_974.txt,True
UNKNOWN,0.0,radcliffe_2.txt,False
UNKNOWN,0.0,campbell_662.txt,False
Elton John,0.9,john_907.txt,True
UNKNOWN,0.0,cumberbatch_971.txt,False
Hugh Grant,0.9,grant_533.txt,True
Emma Watson,0.9,watson_1001.txt,True
Mick Jagger,0.9,jagger_141.txt,True
UNKNOWN,0.0,john_757.txt,False
UNKNOWN,0.0,hamilton_884.txt,False
UNKNOWN,0.0,campbell_833.txt,False
Jerry Seinfeld,0.9,gervais_549.txt,False
Emma Watson,0.9,watson_7.txt,True
Emma Watson,0.9,watson_1006.txt,True
Daniel Craig,0.9,craig_703.txt,True
Cara Delevingne,0.9,delevigne_459.txt,False
Lewis Hamilton,0.9,hamilton_449.txt,True
Sam Smith,0.9,smith_74.txt,True
Adele,0.9,adele_112.txt,True
Gisele Bündchen,0.9,campbell_1068.txt,False
Naomi Campbell,0.9,campbell_254.txt,True
Gisele Bündchen,0.9,campbell_744.txt,False
UNKNOWN,0.0,radcliffe_237.txt,False
Hugh Grant,0.9,grant_148.txt,True
Angelina Jolie,0.9,middleton_904.txt,False
David Beckham,0.9,beckham_515.txt,True
UNKNOWN,0.0,radcliffe_624.txt,False
Kate Middleton,0.9,middleton_355.txt,True
Adele,0.8,sheeran_436.txt,False
Daniel Radcliffe,0.9,radcliffe_324.txt,True
Lewis Hamilton,0.9,hamilton_518.txt,True
Jerry Seinfeld,0.9,gervais_275.txt,False
Ed Sheeran,0.9,sheeran_231.txt,True
Adele,0.9,adele_287.txt,True
Lionel Messi,0.9,beckham_903.txt,False
Jennifer Lawrence,0.8,watson_1032.txt,False
Cara Delevingne,0.9,delevigne_317.txt,False
Sam Smith,0.9,smith_683.txt,True
Lewis Hamilton,0.9,hamilton_345.txt,True
Ed Sheeran,0.9,sheeran_212.txt,True
Sam Smith,0.9,smith_553.txt,True
UNKNOWN,0.0,sheeran_152.txt,False
Cara Delevingne,0.9,delevigne_83.txt,False
UNKNOWN,0.0,delevigne_54.txt,False
Benedict Cumberbatch,0.9,cumberbatch_716.txt,True
UNKNOWN,0.0,cumberbatch_456.txt,False
Kate Middleton,0.9,middleton_965.txt,True
Benedict Cumberbatch,0.9,cumberbatch_521.txt,True
David Beckham,0.9,beckham_935.txt,True
UNKNOWN,0.0,cumberbatch_821.txt,False
Adele,0.9,adele_157.txt,True
Emma Watson,0.9,watson_906.txt,True
Emma Watson,0.9,watson_232.txt,True
Kate Middleton,0.9,middleton_420.txt,True
Harry Styles,0.8,smith_858.txt,False
Lewis Hamilton,0.9,hamilton_82.txt,True
Jim Carrey,0.9,gervais_160.txt,False
Lewis Hamilton,0.9,hamilton_279.txt,True
UNKNOWN,0.0,radcliffe_432.txt,False
Sam Smith,0.9,smith_1013.txt,True
Elton John,0.9,john_153.txt,True
Emma Watson,0.9,watson_37.txt,True
Kate Middleton,0.9,middleton_1045.txt,True
Ed Sheeran,0.9,sheeran_292.txt,True
Ricky Gervais,0.9,gervais_340.txt,True
Kate Moss,0.9,moss_550.txt,True
David Beckham,0.9,beckham_610.txt,True
Lewis Hamilton,0.8,hamilton_989.txt,True
Sam Smith,0.9,smith_972.txt,True
UNKNOWN,0.0,sheeran_817.txt,False
Elton John,0.9,john_281.txt,True
Tom Hanks,0.9,dench_508.txt,False
UNKNOWN,0.0,dench_870.txt,False
UNKNOWN,0.0,campbell_784.txt,False
Elton John,0.9,john_417.txt,True
David Beckham,0.9,beckham_225.txt,True
Emma Watson,0.9,watson_542.txt,True
Ricky Gervais,0.9,gervais_169.txt,True
Hugh Jackman,0.8,cumberbatch_766.txt,False
Judi Dench,0.9,dench_363.txt,True
Elton John,0.9,john_911.txt,True
David Beckham,0.9,beckham_220.txt,True
Rowan Atkinson,0.9,grant_603.txt,False
Adele,0.9,smith_803.txt,False
Kate Middleton,0.9,middleton_860.txt,True
Judi Dench,0.9,dench_893.txt,True
UNKNOWN,0.0,hamilton_4.txt,False
UNKNOWN,0.0,craig_375.txt,False
Christian Bale,0.9,bale_409.txt,True
Johnny Depp,0.9,bale_81.txt,False
Dua Lipa,0.9,smith_676.txt,False
Emma Watson,0.9,watson_187.txt,True
J.K. Rowling,0.95,rowling_929.txt,True
Sam Smith,0.9,smith_578.txt,True
Tom Hanks,0.9,cumberbatch_621.txt,False
Ed Sheeran,0.9,sheeran_622.txt,True
Daniel Radcliffe,0.95,radcliffe_739.txt,True
Meryl Streep,0.9,dench_494.txt,False
Sam Smith,0.9,smith_814.txt,True
Elvis Presley,0.9,john_352.txt,False
Kate Middleton,0.9,middleton_894.txt,True
Hugh Grant,0.9,grant_272.txt,True
David Beckham,0.9,beckham_889.txt,True
Cara Delevingne,0.9,delevigne_669.txt,False
Mick Jagger,0.9,jagger_129.txt,True
Meryl Streep,0.9,dench_399.txt,False
Daniel Craig,0.9,craig_1005.txt,True
Ed Sheeran,0.9,sheeran_531.txt,True
UNKNOWN,0.0,grant_852.txt,False
J.K. Rowling,0.9,rowling_842.txt,True
Gisele Bündchen,0.9,moss_435.txt,False
Elvis Presley,0.9,jagger_567.txt,False
Emma Watson,0.9,watson_551.txt,True
Lewis Hamilton,0.9,hamilton_849.txt,True
Lewis Hamilton,0.9,hamilton_295.txt,True
Elton John,0.9,john_822.txt,True
David Beckham,0.9,beckham_260.txt,True
Lewis Hamilton,0.9,hamilton_505.txt,True
Ed Sheeran,0.8,sheeran_346.txt,True
UNKNOWN,0.0,cumberbatch_181.txt,False
Kate Middleton,0.9,middleton_49.txt,True
PERSON_FIRSTNAME_1 PERSON_LASTNAME_1,0.8,moss_385.txt,False
Tom Hanks,0.9,cumberbatch_386.txt,False
Daniel Radcliffe,0.9,radcliffe_88.txt,True
PERSON_FIRSTNAME_1,0.8,gervais_845.txt,False
Cate Blanchett,0.9,dench_278.txt,False
Ricky Gervais,0.9,gervais_785.txt,True
UNKNOWN,0.0,dench_593.txt,False
Lewis Hamilton,0.9,hamilton_888.txt,True
UNKNOWN,0.0,rowling_248.txt,False
J.K. Rowling,0.9,rowling_269.txt,True
Paul McCartney,0.9,jagger_623.txt,False
UNKNOWN,0.0,craig_1053.txt,False
Elton John,0.9,john_687.txt,True
Brad Pitt,0.9,grant_625.txt,False
Daniel Radcliffe,0.9,radcliffe_102.txt,True
Emma Watson,0.9,watson_301.txt,True
Hugh Grant,0.9,grant_1022.txt,True
Christian Bale,0.9,bale_306.txt,True
Daniel Radcliffe,0.9,radcliffe_636.txt,True
Kate Middleton,0.9,middleton_724.txt,True
Lewis Hamilton,0.9,hamilton_239.txt,True
Ed Sheeran,0.9,sheeran_1041.txt,True
Kate Middleton,0.9,middleton_530.txt,True
J.K. Rowling,0.9,rowling_509.txt,True
UNKNOWN,0.0,dench_68.txt,False
Christian Bale,0.9,bale_214.txt,True
UNKNOWN,0.0,craig_912.txt,False
Daniel Craig,0.9,craig_17.txt,True
David Beckham,0.9,beckham_964.txt,True
Prince William,0.9,middleton_55.txt,False
J.K. Rowling,0.9,rowling_887.txt,True
J.K. Rowling,0.9,rowling_588.txt,True
David Beckham,0.9,beckham_29.txt,True
LeBron James,0.9,hamilton_1019.txt,False
Christian Bale,0.9,bale_224.txt,True
Bono,0.9,jagger_487.txt,False
Adele,0.9,smith_108.txt,False
UNKNOWN,0.0,delevigne_130.txt,False
Daniel Radcliffe,0.9,radcliffe_661.txt,True
Adele,0.9,adele_366.txt,True
Daniel Radcliffe,0.9,radcliffe_933.txt,True
Daniel Craig,0.9,dench_658.txt,False
Adele,0.9,adele_1002.txt,True
UNKNOWN,0.0,smith_388.txt,False
UNKNOWN,0.0,radcliffe_303.txt,False
Daniel Radcliffe,0.9,watson_866.txt,False
UNKNOWN,0.0,delevigne_255.txt,False
Gigi Hadid,0.9,moss_875.txt,False
Emma Watson,0.9,watson_882.txt,True
Gisele Bündchen,0.9,moss_290.txt,False
Adele,0.9,adele_271.txt,True
Cara Delevingne,0.9,delevigne_490.txt,False
Ed Sheeran,0.9,sheeran_767.txt,True
Lewis Hamilton,0.9,hamilton_158.txt,True
Mick Jagger,0.9,jagger_208.txt,True
Kate Middleton,0.9,middleton_645.txt,True
Kate Moss,0.9,moss_955.txt,True
UNKNOWN,0.0,moss_850.txt,False
David Beckham,0.9,beckham_720.txt,True
Gigi Hadid,0.9,delevigne_28.txt,False
Ed Sheeran,0.9,sheeran_466.txt,True
UNKNOWN,0.0,cumberbatch_486.txt,False
Taylor Swift,0.9,adele_1051.txt,False
Sam Smith,0.9,smith_1077.txt,True
Kate Middleton,0.9,middleton_705.txt,True
Kate Moss,0.9,moss_240.txt,True
Sam Smith,0.9,smith_592.txt,True
J.K. Rowling,0.9,rowling_109.txt,True
UNKNOWN,0.0,delevigne_953.txt,False
Ed Sheeran,0.9,sheeran_427.txt,True
Daniel Craig,0.9,craig_1078.txt,True
Jim Carrey,0.95,gervais_230.txt,False
Ed Sheeran,0.9,smith_1023.txt,False
Daniel Craig,0.9,craig_263.txt,True
UNKNOWN,0.0,gervais_695.txt,False
Sam Smith,0.9,smith_143.txt,True
Naomi Campbell,0.9,campbell_939.txt,True
UNKNOWN,0.0,delevigne_1064.txt,False
Ricky Gervais,0.9,gervais_124.txt,True
Alan Rickman,0.9,cumberbatch_246.txt,False
Adele,0.9,adele_793.txt,True
UNKNOWN,0.0,radcliffe_1044.txt,False
Kate Middleton,0.9,middleton_30.txt,True
Kate Middleton,0.9,middleton_85.txt,True
Ed Sheeran,0.9,sheeran_72.txt,True
Sam Smith,0.9,smith_1071.txt,True
Gisele Bündchen,0.9,campbell_217.txt,False
UNKNOWN,0.0,moss_125.txt,False
Elton John,0.9,john_401.txt,True
Naomi Campbell,0.9,campbell_329.txt,True
Lewis Hamilton,0.9,hamilton_474.txt,True
Benedict Cumberbatch,0.9,cumberbatch_56.txt,True
Meryl Streep,0.9,dench_514.txt,False
UNKNOWN,0.0,craig_439.txt,False
UNKNOWN,0.0,jagger_441.txt,False
UNKNOWN,0.0,delevigne_1029.txt,False
Kate Middleton,0.9,middleton_185.txt,True
Kate Moss,0.9,campbell_1028.txt,False
Meryl Streep,0.9,dench_1072.txt,False
Ed Sheeran,0.9,sheeran_126.txt,True
Tom Hanks,0.9,craig_644.txt,False
UNKNOWN,0.0,grant_234.txt,False
UNKNOWN,0.9,campbell_758.txt,False
Kate Moss,0.9,moss_20.txt,True
UNKNOWN,0.0,gervais_1035.txt,False
Taylor Swift,0.9,smith_778.txt,False
UNKNOWN,0.0,delevigne_675.txt,False
UNKNOWN,0.0,craig_273.txt,False
Daniel Radcliffe,0.9,craig_528.txt,False
Tom Hanks,0.9,bale_433.txt,False
Christian Bale,0.9,bale_92.txt,True
Adele,0.9,adele_491.txt,True
Adele,0.9,adele_201.txt,True
Hugh Grant,0.9,grant_93.txt,True
Elton John,0.9,john_697.txt,True
David Beckham,0.9,beckham_954.txt,True
Steve Carell,0.9,cumberbatch_856.txt,False
David Beckham,0.9,beckham_865.txt,True
Ed Sheeran,0.9,sheeran_91.txt,True
Sam Smith,0.9,smith_453.txt,True
J.K. Rowling,0.9,rowling_464.txt,True
Bob Dylan,0.9,sheeran_536.txt,False
Sam Smith,0.9,smith_499.txt,True
Jim Carrey,0.9,bale_924.txt,False
Sam Smith,0.9,smith_544.txt,True
Mick Jagger,0.9,jagger_293.txt,True
J.K. Rowling,0.9,rowling_554.txt,True
Emma Watson,0.9,watson_652.txt,True
Benedict Cumberbatch,0.9,cumberbatch_941.txt,True
Kate Moss,0.9,campbell_67.txt,False
Lewis Hamilton,0.9,hamilton_898.txt,True
Lewis Hamilton,0.9,hamilton_958.txt,True
Naomi Campbell,0.9,campbell_999.txt,True
J.K. Rowling,0.9,rowling_594.txt,True
UNKNOWN,0.0,watson_132.txt,False
J.K. Rowling,0.9,rowling_629.txt,True
Judi Dench,0.9,dench_1034.txt,True
Kate Moss,0.9,moss_330.txt,True
Taylor Swift,0.9,sheeran_1037.txt,False
Daniel Craig,0.9,craig_10.txt,True
UNKNOWN,0.0,radcliffe_947.txt,False
Daniel Radcliffe,0.8,radcliffe_562.txt,True
UNKNOWN,0.0,moss_380.txt,False
Bono,0.9,jagger_1.txt,False
J.K. Rowling,0.9,rowling_470.txt,True
Hugh Grant,0.9,grant_374.txt,True
Taylor Swift,0.8,smith_12.txt,False
Celine Dion,0.9,smith_743.txt,False
Kate Middleton,0.9,middleton_995.txt,True
Unknown,0.0,delevigne_205.txt,False
Jim Carrey,0.9,gervais_45.txt,False
UNKNOWN,0.0,radcliffe_288.txt,False
David Beckham,0.9,beckham_84.txt,True
Mick Jagger,0.9,jagger_336.txt,True
Emma Watson,0.9,watson_696.txt,True
Emma Watson,0.9,watson_896.txt,True
J.K. Rowling,0.9,rowling_448.txt,True
Bono,0.9,jagger_458.txt,False
Emma Watson,0.9,watson_601.txt,True
Ed Sheeran,0.9,sheeran_761.txt,True
UNKNOWN,0.0,dench_440.txt,False
Hugh Grant,0.9,grant_577.txt,True
Naomi Campbell,0.9,campbell_795.txt,True
David Beckham,0.9,beckham_663.txt,True
Adele,0.9,adele_867.txt,True
Emma Watson,0.9,watson_86.txt,True
Lewis Hamilton,0.9,hamilton_215.txt,True
J.K. Rowling,0.9,rowling_678.txt,True
UNKNOWN,0.0,bale_244.txt,False
Adele,0.9,adele_741.txt,True
Kate Moss,0.9,moss_1010.txt,True
Elton John,0.9,john_261.txt,True
Adele,0.9,adele_656.txt,True
Elton John,0.9,john_451.txt,True
UNKNOWN,0.0,jagger_738.txt,False
Emma Watson,0.9,watson_506.txt,True
UNKNOWN,0.0,dench_632.txt,False
Moby,0.9,moss_810.txt,False
Judi Dench,0.9,dench_918.txt,True
Jerry Seinfeld,0.9,gervais_305.txt,False
Gigi Hadid,0.9,moss_280.txt,False
Lewis Hamilton,0.9,hamilton_674.txt,True
UNKNOWN,0.0,dench_1058.txt,False
Kate Middleton,0.9,middleton_370.txt,True
Ed Sheeran,0.9,sheeran_936.txt,True
UNKNOWN,0.0,bale_1003.txt,False
Daniel Radcliffe,0.9,craig_393.txt,False
UNKNOWN,0.0,gervais_855.txt,False
David Beckham,0.9,beckham_959.txt,True
Daniel Radcliffe,0.9,radcliffe_643.txt,True
Meryl Streep,0.9,dench_344.txt,False
Catherine Middleton,0.9,middleton_825.txt,True
UNKNOWN,0.0,grant_864.txt,False
